case_no,earthquake,site,liquefied,mw,pga,csr75,fc_pct,gc_pct,n120,vs1_ms,dw_m,ds_m,hn_m,dn_m,shallow_groundwater_index,demand_index,dpt_resistance_index,vs_resistance_index,capping_index,dpt_screening_score,vs_screening_score,combined_instrument_score,n120_cs,crr_static_benchmark,fs_static_proxy,g_static_proxy,minus_g_static_proxy,pf_static_proxy
2.0,Wenchuan earthquake,"Songbai village, Deyang, DY-45",1.0,7.9,0.24,0.3023049394214817,5.0,53.0,10.785034273738509,234.26958134040427,0.8,4.6,0.8,0.0,0.8721436582765589,-0.16680161674004332,0.4741514090108209,-0.32770702834069065,0.460093047575911,0.26461807920433417,0.024060547998880674,0.16834169430911827,10.785034273738509,0.14060817696917552,0.46512034251989454,-0.5348796574801055,0.5348796574801055,0.9971127273651792
3.0,Wenchuan earthquake,"Qingliang Village, Deyang, DY-06",1.0,7.9,0.24,0.2829148019802971,5.0,50.0,20.914722945991457,247.30661499764835,1.0,4.0,1.1,0.0,0.7732357579994781,-0.2830548242527167,-0.671312353458358,-0.5728550834224049,0.460093047575911,-0.15111657297253878,-0.12157939196175284,-0.17025087188591226,20.914722945991457,0.2929507564540793,1.0354734160373875,0.03547341603738752,-0.03547341603738752,0.44998320022073063
4.0,Wenchuan earthquake,"Nangui village, Deyang",0.0,7.9,0.24,0.2316544199053896,5.0,40.0,11.43713002382233,260.1034794041863,4.7,11.9,4.1,0.6000000000000005,-1.0565603971265176,-0.5903854892678015,0.40041251381385273,-0.813487001915922,-0.009396478404596153,-0.35733161937188823,-0.7215014740908205,-0.5010317222096777,11.43713002382233,0.14864938658731378,0.6416859503394062,-0.35831404966059377,0.35831404966059377,0.9451857794138534
6.0,Wenchuan earthquake,"Shenghua Village, Deyang",0.0,7.9,0.18,0.1864589564149429,5.0,54.9,14.6078899913711,245.67703147896916,2.0,5.0,0.6,1.4,0.2786962566140738,-0.8613540479860412,0.041863425107529044,-0.5422124356621574,-0.6353825130452714,-0.3510801683909086,-0.5263029266218145,-0.37757359323548895,14.6078899913711,0.1912123276269521,1.0254928553897467,0.02549285538974666,-0.02549285538974666,0.46383475179431943
9.0,Wenchuan earthquake,"Shengli village, Deyang, DY-07",1.0,7.9,0.21,0.2027297125123776,7.5,22.8,12.1443950747153,220.93774838844595,1.9,3.7,2.4,0.0,0.3281502067526143,-0.7638030331610727,0.3204350818836934,-0.07701557468851249,0.460093047575911,-0.15894614662805628,-0.278181343599718,-0.13001246643802084,12.470731066212526,0.16189287572132083,0.7985651127060939,-0.20143488729390613,0.20143488729390613,0.7913602191660695
10.0,Wenchuan earthquake,"Changzheng village, Deyang",1.0,7.9,0.2,0.1969628289040254,5.0,35.0,19.02494618672577,220.67829909656228,1.0,2.0,1.2,0.0,0.7732357579994781,-0.7983782763153185,-0.4576166647818926,-0.07213689668784107,0.460093047575911,-0.31890341979777,-0.2032594893695545,-0.20773130502561704,19.02494618672577,0.26008096805496633,1.3204571111318506,0.3204571111318506,-0.3204571111318506,0.15807179133132065
11.0,Wenchuan earthquake,"Qifu Elementary School, Mianzhu, DY-26",1.0,7.9,0.3,0.2587804522948588,5.0,39.7,12.264285130370876,189.2047935282178,3.5,5.3,2.8,0.7,-0.46311299546403256,-0.4277518678231971,0.3068779313455879,0.5196901154634936,-0.08764473273468017,-0.19742979684630288,-0.13358614161093113,-0.0814043801058432,12.264285130370876,0.1591989027646218,0.6151890583421189,-0.3848109416578811,0.3848109416578811,0.9601072569832805
12.0,Wenchuan earthquake,"Dacheng village, Deyang",0.0,7.9,0.32,0.2722207254439006,5.0,60.9,22.58485743540035,252.6894752393993,4.5,6.8,2.6,1.9,-0.9576524968494368,-0.34717096074288534,-0.8601709253222815,-0.6740742528849833,-1.0266237846956936,-0.6571398985356548,-0.6013108968044655,-0.6712205605061349,22.58485743540035,0.3236989251231581,1.1891046304255999,0.18910463042559988,-0.18910463042559988,0.2661242337689151
14.0,Wenchuan earthquake,"Yangjia railway station, Deyang",0.0,7.9,0.2,0.1533419796563156,5.0,75.4,20.018698534510804,199.70847007376315,6.1,7.4,3.6,2.5,-1.7489156990660835,-1.0599062646988426,-0.5699900397281982,0.32217924419891913,-1.4961133106762003,-1.0725436363799654,-0.8048928512018303,-0.8451181570974775,20.018698534510804,0.2771113690234128,1.8071461555700583,0.8071461555700583,-0.8071461555700583,0.01642543957073439
15.0,Wenchuan earthquake,"Heping village, Deyang",0.0,7.9,0.18,0.1835247262860114,5.0,50.0,23.47846345629664,284.4151935712084,3.7,10.8,2.9,0.8,-0.5620208957411135,-0.8789461700173212,-0.961219767787182,-1.2706438675374467,-0.16589298706476469,-0.80459053534541,-0.8974177652704894,-0.874702715072449,23.47846345629664,0.3408053071099622,1.8569994027880428,0.8569994027880428,-0.8569994027880428,0.012806360672418471
16.0,Wenchuan earthquake,"Min'an village, Deyang",0.0,7.9,0.25,0.2415510822231697,5.0,68.6,16.91103090341379,250.29223517932505,3.7,8.2,0.0,3.7,-0.5620208957411135,-0.531050234858101,-0.2185754235050177,-0.6289966107048831,-2.435092362637214,-0.5387040300177341,-0.6618303861776937,-0.5895407863223989,16.91103090341379,0.22573076450184065,0.9345052914864914,-0.06549470851350858,0.06549470851350858,0.5964889243763186
18.0,Wenchuan earthquake,"Jingxing village, Pixian, CD-01",1.0,7.9,0.21,0.2458258483514446,5.0,65.0,15.563295821556189,241.53254122259085,0.9,3.5,2.1,0.0,0.8226897081380186,-0.5054209542361412,-0.06617373105172338,-0.464279544456365,0.460093047575911,-0.05974895471538129,-0.17918069873677378,-0.09544539507786783,15.563295821556189,0.20516362374088598,0.8345893042442554,-0.16541069575574463,0.16541069575574463,0.7428114979250344
19.0,Wenchuan earthquake,"Qingbaijiang Bridge, Pengzhou",0.0,7.9,0.21,0.1678610817624346,5.0,80.0,35.76326327392398,274.864631180595,3.0,3.7,0.0,3.0,-0.21584324477133043,-0.9728572587204077,-2.3503831937891366,-1.0910553310228925,-1.8873545823266227,-1.2804371026315218,-0.9026387438016484,-1.1663241235851458,35.76326327392398,0.49107142857142855,2.9254632665028177,1.9254632665028177,-1.9254632665028177,5.4201571128842385e-05
20.0,Wenchuan earthquake,"Lingfeng machinery company, Mianyang",0.0,7.9,0.2,0.1700886575785145,5.0,30.0,17.506215896075314,236.07462317463404,4.1,6.1,3.5,0.6,-0.759836696295275,-0.9595018694467397,-0.28587885830126514,-0.36164898988166433,-0.009396478404595718,-0.6699766619206972,-0.692707701394817,-0.6177683871222295,17.506215896075314,0.2351439972354505,1.3824789999703884,0.38247899997038837,-0.38247899997038837,0.12141651408089665
22.0,Wenchuan earthquake,"Jushui valliage, Kaijiang bridge, Mianyang",0.0,7.9,0.295,0.3643350216002027,5.0,65.0,62.12299574231752,423.70973908444495,0.8,4.1,0.5,0.3,0.8721436582765589,0.20509858445370854,-5.331138013395212,-3.8899350202519987,0.22534828458565764,-1.3213508951298,-0.888989997186836,-1.5867339562860499,62.12299574231752,0.49107142857142855,1.347856778671961,0.3478567786719611,-0.3478567786719611,0.14085735720684028
23.0,Wenchuan earthquake,"Xiangliu village, Mianzhu, DY-03",1.0,7.9,0.295,0.2483289090573517,5.0,76.6,19.960076061068413,254.74421734956067,3.4,4.8,3.0,0.4,-0.4136590453254921,-0.49041390044174277,-0.5633610187220042,-0.7127115721743041,0.14710003025557317,-0.4650713683677052,-0.5098765344033952,-0.5022361908861914,19.960076061068413,0.2760910653977875,1.1117959098915227,0.11179590989152266,-0.11179590989152266,0.3511707680561648
24.0,Wenchuan earthquake,"Anren Village, Mianzhu, DY-02",1.0,7.9,0.295,0.2346732208800813,1.0,75.4,28.250391419824,282.6884141761054,4.0,5.0,4.0,0.0,-0.7103827461567347,-0.5722863243075322,-1.5008287070339024,-1.2381735509459528,0.460093047575911,-0.8268493549011117,-0.7480528080747267,-0.8671725619561588,28.250391419824,0.4398791959216658,1.874432857196115,0.8744328571961151,-0.8744328571961151,0.01173396344044697
25.0,Wenchuan earthquake,"Chuanmu village, Mianzhu",0.0,7.9,0.41,0.300623733817234,5.0,70.0,17.97626041896108,227.58429123374637,8.0,9.2,2.0,6.0,-2.6885407516983517,-0.1768812535953731,-0.3390314264732352,-0.20199700024748576,-4.234802212229156,-0.9307542530110167,-0.8896439251432917,-0.919562385053653,17.97626041896108,0.24272111176351555,0.8073917141588005,-0.1926082858411995,0.1926082858411995,0.7797977132241545
26.0,Wenchuan earthquake,"Yongfeng Village, Mianzhu, DY-04",1.0,7.9,0.34,0.3322683926928371,3.8,57.2,14.006251652953178,254.9443279040358,2.8,6.0,4.0,0.0,-0.11693534449424949,0.012843708700123985,0.10989660332924643,-0.7164744460396822,0.460093047575911,0.03836623339377537,-0.2095450814169032,-0.11720268701709811,14.006251652953178,0.18269456552844593,0.5498403385522633,-0.45015966144773667,0.45015966144773667,0.9844933627242347
27.0,Wenchuan earthquake,"Shuangquan Village, Mianzhu, DY-30",1.0,7.9,0.49,0.4047772486632311,5.0,50.0,19.783248887281605,233.006736081424,2.5,3.3,2.9,0.0,0.031426505921371695,0.447569202792228,-0.5433654269179393,-0.3039605176506493,0.460093047575911,0.0676864667441907,0.1395079395243777,0.01647398562663195,19.783248887281605,0.27302534574673926,0.6745076375917868,-0.3254923624082132,0.3254923624082132,0.922193125794031
28.0,Wenchuan earthquake,"Tonglin village, Mianzhu",0.0,7.9,0.48,0.5572808242118806,5.0,50.0,21.40088892721515,228.21306556214256,2.0,10.2,4.2,0.0,0.2786962566140738,1.3619015466685247,-0.7262879338592071,-0.21382045700491978,0.460093047575911,0.4737132195446843,0.6274534626009706,0.36738776686276853,21.40088892721515,0.30173690251101926,0.5414449760365297,-0.45855502396347025,0.45855502396347025,0.9865300477455243
29.0,Wenchuan earthquake,"Wudu Village, Mianzhu, DY-31",1.0,7.9,0.48,0.5518529661043775,0.0,51.0,7.422281569613897,166.86652757678934,1.6,6.3,5.0,0.0,0.47651205716823547,1.3293589245837192,0.8544110092166067,0.9397383101575302,0.460093047575911,0.9728418826400983,0.9984400729223754,0.9424125512915719,7.422281569613897,0.10299836687497745,0.1866409590983268,-0.8133590409016732,0.8133590409016732,0.9999999992894573
30.0,Wenchuan earthquake,"Linfa village, Mianzhu",0.0,7.9,0.47,0.3962489854446859,5.0,60.0,24.359797412950705,343.6923263487535,4.3,6.3,3.2,1.1,-0.8587445965723558,0.39643815966911805,-1.0608808869631459,-2.3852895908888727,-0.4006377500550181,-0.33164790105506275,-0.7289705122327806,-0.7422615465034347,24.359797412950705,0.3581237109524729,0.903784549884898,-0.09621545011510202,0.09621545011510202,0.6423725261818547
31.0,Wenchuan earthquake,"Changning Tianqi Village, Mianzhu, DY-29",0.0,7.9,0.43,0.3420660507743559,5.0,90.0,45.63675952407797,344.9960755439306,4.0,5.0,4.0,0.0,-0.7103827461567347,0.07158538505718685,-3.4668767533993274,-2.409805258172927,0.460093047575911,-1.1269214995966157,-0.8098000510286953,-1.2693534143969871,45.63675952407797,0.49107142857142855,1.4356041105504624,0.43560411055046244,-0.43560411055046244,0.0961318725136538
32.0,Wenchuan earthquake,"Linyan Village, Mianzhu, DY-10",1.0,7.9,0.594,0.4490118511212177,5.0,35.0,17.567324503593014,238.1731957251955,6.0,7.0,4.8,1.2,-1.6994617489275432,0.7127769371049547,-0.29278901099709403,-0.40111049567689977,-0.4788860043851025,-0.13092373160666232,-0.16342017701060405,-0.2531446233528284,17.567324503593014,0.2361219277167195,0.5258701460264458,-0.4741298539735542,0.4741298539735542,0.9897655246479491
33.0,Wenchuan earthquake,"Xinglong village, Mianzhu, DY-08",1.0,7.9,0.42,0.444105419573332,5.0,66.8,9.498785835723488,206.4578305780545,2.4,6.8,4.0,0.0,0.08088045605991216,0.6833605182366911,0.6196002004741326,0.19526443794980097,0.460093047575911,0.5325730369395287,0.4052723081822293,0.4413298526584066,9.498785835723488,0.12545936022525764,0.2824990524677473,-0.7175009475322527,0.7175009475322527,0.999997422629656
34.0,Wenchuan earthquake,"Bayi village, Mianzhu",0.0,7.9,0.43,0.3140761107328219,5.0,50.0,14.49023788115499,236.75048440142996,6.2,6.7,4.1,2.1,-1.7983696492046242,-0.0962277786084008,0.055167509091840684,-0.37435786749985595,-1.1831202933558627,-0.4455821921549461,-0.5744398051324551,-0.5163477387032613,14.49023788115499,0.1895303855683262,0.6034536823768676,-0.3965463176231324,0.3965463176231324,0.9657259494574175
35.0,Wenchuan earthquake,"Pharmaceutical factory, Mianzhu",0.0,7.9,0.37,0.3250905855998405,5.0,50.0,15.578956787227868,296.42084319420786,3.4,5.4,2.1,1.3,-0.4136590453254921,-0.030190699900596835,-0.06794467083502802,-1.4963978030145904,-0.557134258715187,-0.14455773820663476,-0.5730936778605034,-0.43402376173599033,15.578956787227868,0.20539665780311336,0.6318136141165883,-0.3681863858834117,0.3681863858834117,0.9511164402737727
36.0,Wenchuan earthquake,"Xinshi School, Mianzhu, DY-27",1.0,7.9,0.34,0.3768632601023671,5.0,64.1,10.42552643041834,184.52022677336163,1.0,3.0,2.6,0.0,0.7732357579994781,0.2802114048129337,0.5148045050901411,0.6077785916495876,0.460093047575911,0.45818828767155373,0.48608051363938765,0.5002424150111637,10.42552643041834,0.13627887456806725,0.3616135850734028,-0.6383864149265972,0.6383864149265972,0.9998777922802784
38.0,Wenchuan earthquake,"Banqiao School, Mianzhu, DY-09",1.0,7.9,0.37,0.3232835539089171,5.0,49.0,12.185105777829808,173.7847607122536,3.0,4.6,1.5,1.5,-0.21584324477133043,-0.041024724712648925,0.31583152133300785,0.8096480271721406,-0.7136307673753559,-0.0025618570438235497,0.14558309470791625,0.13188706872856865,12.185105777829808,0.15817213001148941,0.48926748081980476,-0.5107325191801952,0.5107325191801952,0.9950284293333151
39.0,Wenchuan earthquake,"Baiyang Village, Mianzhu",1.0,7.9,0.35,0.3680692572303274,5.0,60.0,9.638002284641232,189.9483091949224,1.5,3.8,3.2,0.0,0.5259660073067759,0.22748712455183306,0.6038576241191725,0.5057090654480146,0.460093047575911,0.4117243471242274,0.38227977952288,0.4297316853467298,9.638002284641232,0.1270533602495501,0.34518873215766477,-0.6548112678423352,0.6548112678423352,0.9999373888617044
40.0,Wenchuan earthquake,"Guihua village, Mianzhu, DY-41",1.0,7.9,0.39,0.455491361187325,5.0,48.0,15.990301447584264,214.96969829145343,0.6,2.2,2.8,0.0,0.9710515585536397,0.7516247189002345,-0.11445946685379325,0.035207490187522505,0.460093047575911,0.521108247538491,0.5660083346508858,0.46443322037135143,15.990301447584264,0.2115676219838317,0.4644821834432609,-0.5355178165567391,0.5355178165567391,0.9971561906759205
41.0,Wenchuan earthquake,"Yongning village, Mianzhu",0.0,7.9,0.41,0.5026409477339917,4.0,50.0,36.66372960292265,333.2211720874219,1.4,10.2,3.8,0.0,0.5754199574453164,1.0343091859687437,-2.4522077989240367,-2.1883902678438876,0.460093047575911,-0.13213456212341745,-0.052989302799372764,-0.42802275439666587,36.66372960292265,0.49107142857142855,0.9769825375057067,-0.02301746249429326,0.02301746249429326,0.5334611576070662
42.0,Wenchuan earthquake,"Sangyuan village, Mianzhu, DY-44",1.0,7.9,0.29,0.2332997200077425,5.0,63.7,15.20437395948942,235.9455653371421,2.8,3.5,1.2,1.6,-0.11693534449424949,-0.5805211231796482,-0.025586897649665364,-0.3592221895307564,-0.7918790217054403,-0.33189159470986324,-0.43198218227419055,-0.34312523053308314,15.20437395948942,0.19986130493623133,0.8566718593987106,-0.1433281406012894,0.1433281406012894,0.7115312530686123
44.0,Wenchuan earthquake,"Baihutou Village, Shifang, DY-39",1.0,7.9,0.594,0.5652934113679787,5.0,50.0,22.471157083124712,237.4442520522688,1.2,2.2,1.4,0.0,0.6743278577223972,1.409940863573663,-0.8473137055670016,-0.38740345706825063,0.460093047575911,0.538149500861323,0.6761225754109482,0.4044060936470066,22.471157083124712,0.3215550720235399,0.5688286216628538,-0.43117137833714625,0.43117137833714625,0.9790479345233281
45.0,Wenchuan earthquake,"Siyuan Village, Shifang, DY-11",1.0,7.9,0.41,0.401058570737187,5.0,50.0,14.667211562172549,206.8830539624988,1.5,3.0,1.2,0.3,0.5259660073067759,0.4252739386188557,0.03515535027084237,0.18726854805548776,0.22534828458565764,0.31838049315037587,0.36401445248576947,0.3097912738725036,14.667211562172549,0.19206338202643308,0.47889110479150415,-0.5211088952084959,0.5211088952084959,0.9960357662916517
46.0,Wenchuan earthquake,"Zhenjiang village, Shifang, DY-42",1.0,7.9,0.29,0.3110576685149002,5.0,74.0,15.728840625403857,274.79381600222905,0.9,2.4,0.7,0.2,0.8226897081380186,-0.11432479264914436,-0.08489351405867707,-1.0897237241786448,0.3035965389157421,0.10280355766367273,-0.1986455053723176,-0.09521935650127412,15.728840625403857,0.207634008003928,0.6675096903903592,-0.33249030960964077,0.33249030960964077,0.9275228510304808
47.0,Wenchuan earthquake,"Quezhu village, Shifang",0.0,7.9,0.26,0.2249506780682876,5.0,50.0,19.889669388582025,258.0644163823614,6.0,10.5,2.0,4.0,-1.6994617489275432,-0.6305776484654312,-0.5553994421544929,-0.7751445118118434,-2.6698371256274673,-0.9237639805226739,-0.989687501419879,-0.9601951738230502,19.889669388582025,0.27486825748872373,1.2219045519181888,0.2219045519181888,-0.2219045519181888,0.2349322162584368
48.0,Wenchuan earthquake,"Jiangyou Train Station−1, MY-13",1.0,7.9,0.52,0.4988358173734071,5.0,50.0,19.008721457758195,239.32145201336635,2.4,4.7,1.7,0.7,0.08088045605991216,1.0114955978359308,-0.45578197472481824,-0.42270227822353895,-0.08764473273468017,0.33023228118397185,0.34015619013435566,0.19012046322815276,19.008721457758195,0.25980759913727114,0.5208278758034536,-0.4791721241965464,0.4791721241965464,0.9906732107197794
49.0,Wenchuan earthquake,"Jiangyou rail station line−2, MY-12",0.0,7.9,0.52,0.5068554722996818,5.0,50.0,17.776343036990546,240.6786531366126,3.0,6.5,1.1,1.9,-0.21584324477133043,1.059577289425389,-0.3164247971932829,-0.4482230542271863,-1.0266237846956936,0.28738250289438944,0.2478430257842184,0.12342264282574147,17.776343036990546,0.23948301545878622,0.4724877771807705,-0.5275122228192295,0.5275122228192295,0.996570812274854
50.0,Wenchuan earthquake,"Yongshou Village, Dujiangyan, CD-17",1.0,7.9,0.25,0.21151333599417,5.0,85.0,22.024225057007165,320.897330205846,2.1,2.9,1.0,1.1,0.22924230647553334,-0.711140982340683,-0.7967746952609013,-1.9566530530884294,-0.4006377500550181,-0.5332292768392219,-0.8811927841874804,-0.7737683196967494,22.024225057007165,0.3131996289979399,1.4807559415855118,0.4807559415855118,-0.4807559415855118,0.07844905821284792
51.0,Wenchuan earthquake,"Quanshui village, Dujiangyan, CD-03",1.0,7.9,0.24,0.2327058178606368,4.5,4.8,20.341729738397373,315.35449338614404,0.9,1.7,1.0,0.0,0.8226897081380186,-0.5840818524297181,-0.6065183625790682,-1.8524256880520418,0.460093047575911,-0.25724974836069436,-0.6310219460025864,-0.508674864470224,20.341729738397373,0.2827688386136271,1.2151343752951296,0.21513437529512958,-0.21513437529512958,0.2411326141242527
52.0,Wenchuan earthquake,"Fengle valliage, Dujiangyan, CD-04",1.0,7.9,0.25,0.220143510949364,5.0,45.0,11.039308896352656,271.36543520442274,1.4,2.1,1.4,0.0,0.5754199574453164,-0.6593989293005704,0.4453980706463505,-1.025256537335516,0.460093047575911,-0.02502145312349273,-0.4662178355180527,-0.20867267472517387,11.039308896352656,0.14371482026470703,0.652823331675506,-0.347176668324494,0.347176668324494,0.9379528854243891
53.0,Wenchuan earthquake,"Jingyu village, Pixian, CD-26",0.0,7.9,0.2,0.186547945072085,5.0,87.0,14.696334129370673,260.01439131251965,1.5,2.6,1.9,0.0,0.5259660073067759,-0.8608205181512788,0.03186217449073171,-0.8118117916666265,0.460093047575911,-0.2496127269807052,-0.5027149168279127,-0.3290792509479758,14.696334129370673,0.1924819236216582,1.0318094018525918,0.031809401852591845,-0.031809401852591845,0.4550465798940051
54.0,Wenchuan earthquake,"Business College, Dujiangyan",0.0,7.9,0.27,0.2366020485279339,5.0,50.0,24.431462576693267,255.57049546571784,2.3,3.5,2.1,0.2,0.13033440619845263,-0.560722074106514,-1.0689847735439233,-0.7282488852209694,0.3035965389157421,-0.5317736572256307,-0.42955289072874453,-0.5144527495047809,24.431462576693267,0.3595514603816797,1.5196464384763348,0.5196464384763348,-0.5196464384763348,0.06564055132439739
55.0,Wenchuan earthquake,"Ruikang garden, Dujiangyan",0.0,7.9,0.31,0.2447875424537845,5.0,40.0,44.86116514237046,345.88305842702067,5.4,6.9,0.0,5.4,-1.4027380480963008,-0.5116460978870537,-3.3791726504041213,-2.426484062139923,-3.76531268624865,-1.7128057831021033,-1.4269992066228436,-1.80902072070097,44.86116514237046,0.49107142857142855,2.0061128260403285,1.0061128260403285,-1.0061128260403285,0.006027033442475349
56.0,Wenchuan earthquake,"Zipingpu village, Dujiangyan, B-1",0.0,7.9,0.37,0.3116150005021832,5.0,60.0,28.56404491252431,290.4024497414858,3.0,4.2,1.0,2.0,-0.21584324477133043,-0.1109833191104655,-1.5362965996300715,-1.3832280829355499,-1.104872039025778,-0.6092437243942859,-0.5633231693859294,-0.7211613491073421,28.56404491252431,0.4468469577487667,1.4339712691258457,0.4339712691258457,-0.4339712691258457,0.09683344739599642
57.0,Wenchuan earthquake,"Yutang village, Dujiangyan, A-1",0.0,7.9,0.32,0.268099347805614,5.0,40.0,39.42610320125949,292.22649177829965,1.5,2.0,0.8,0.7,0.5259660073067759,-0.3718806035329444,-2.764576614755835,-1.41752732381108,-0.08764473273468017,-0.8959082911919541,-0.4917935039085278,-0.8657680341252921,39.42610320125949,0.49107142857142855,1.8316770726629328,0.8316770726629328,-0.8316770726629328,0.014535502109734588
58.0,Wenchuan earthquake,"Finance building, Dujiangyan",0.0,7.9,0.31,0.2627507458226493,5.0,75.0,30.54511290093961,299.5707251842867,2.7,3.8,0.0,2.7,-0.06748139435570924,-0.40394804700075654,-1.7603154875879317,-1.5556281052371879,-1.6526098193363694,-0.8059980372646802,-0.7445918225594571,-0.9006973048532491,30.54511290093961,0.49107142857142855,1.868963024382395,0.8689630243823949,-0.8689630243823949,0.012060656800978564
59.0,Wenchuan earthquake,"Pilu Elementary School, Guanghan, DY-17",1.0,7.9,0.22,0.2522784151999729,10.0,26.1,9.666174968651776,182.77743163473357,1.4,5.2,2.3,0.0,0.5754199574453164,-0.466734709999518,0.6006718609955763,0.6405500678820766,0.460093047575911,0.10825958266674864,0.1202230447326987,0.22297588114355815,10.744542762508333,0.14011687521868238,0.5554057215224548,-0.4445942784775452,0.4445942784775452,0.9830216555093083
60.0,Wenchuan earthquake,"Xinyi kindergarten, Pengzhou, B-2",0.0,7.9,0.26,0.2289492513873385,5.0,65.0,38.3747404492259,335.0229814960771,1.4,2.1,1.0,0.4,0.5754199574453164,-0.6066042766817465,-2.6456886634446426,-2.222271446935138,0.14710003025557317,-0.9442395305383368,-0.8172143655854854,-1.0634645259127256,38.3747404492259,0.49107142857142855,2.144892047454784,1.1448920474547841,-1.1448920474547841,0.0029637056621996116
61.0,Wenchuan earthquake,"Lichun village, Pengzhou, CD-25",1.0,7.9,0.24,0.2195664815929135,5.0,59.0,11.599409962382133,160.3853185404632,2.4,4.1,3.1,0.0,0.08088045605991216,-0.6628584980488487,0.38206192131191796,1.0616108029044158,0.460093047575911,-0.14448700413762855,0.059377660340120805,0.09591481411694773,11.599409962382133,0.15068827358936732,0.6862990766903594,-0.3137009233096406,0.3137009233096406,0.912686224565806
62.0,Wenchuan earthquake,"Sandaoyan village, Pixian",0.0,7.9,0.18,0.1743270685264429,5.0,90.0,28.30649203849576,209.44516329776133,2.1,4.2,3.6,0.0,0.22924230647553334,-0.9340905556307296,-1.5071725570592867,0.13909070814500246,0.460093047575911,-0.803639403477712,-0.30976042391642533,-0.5316949505797101,28.30649203849576,0.44112133388040825,2.53042363190715,1.53042363190715,-1.53042363190715,0.0004072080646852494
63.0,Wenchuan earthquake,"Majiamiao village, Pixian",0.0,7.9,0.2,0.1661145536313708,5.0,80.0,29.450995194127625,309.8464696026217,2.4,3.2,2.2,0.2,0.08088045605991216,-0.9833285355673697,-1.636592812037009,-1.7488529464779616,0.3035965389157421,-0.9021197664586496,-0.9357978067909353,-0.9898982209938042,29.450995194127625,0.466854665657593,2.8104380709086008,1.8104380709086008,-1.8104380709086008,9.71475950714007e-05
64.0,Wenchuan earthquake,"Shidimiao village, Pixian",0.0,7.9,0.18,0.1619950188636109,5.0,80.0,30.647720143593062,322.0140199774207,4.0,7.0,1.6,2.4,-0.7103827461567347,-1.008027129461545,-1.7719183000759753,-1.9776512596458744,-1.417865056346116,-1.1981575003291407,-1.2598773882001104,-1.3156932093045635,30.647720143593062,0.49107142857142855,3.031398323332881,2.031398323332881,-2.031398323332881,3.17727249136146e-05
65.0,Wenchuan earthquake,"Yongsheng village, Pixian",0.0,7.9,0.17,0.1628971197778086,5.0,75.0,27.454215133043387,346.3060328913989,3.4,7.1,1.6,1.8,-0.4136590453254921,-1.0026186002495319,-1.4107972051238222,-2.434437663397517,-0.9483755303656094,-1.004568117232815,-1.3116602547149234,-1.2501140693749828,27.454215133043387,0.42244473083414985,2.593322284705609,1.593322284705609,-1.593322284705609,0.00029476218397084253
68.0,"Borah Peak, Idaho earthquake","Andersen Bar, SA-1",1.0,6.9,0.29,0.2149956781028051,2.0,70.0,6.7351289450052585,159.85736110092773,0.8,1.9,,,0.8721436582765589,-0.6902626651542657,0.9321141308269298,1.0715385014032324,0.460093047575911,0.16644942396276674,0.20827673513565748,0.35657197767614685,6.7351289450052585,0.09610820691197006,0.44702390187589597,-0.5529760981241041,0.5529760981241041,0.9981544477557833
69.0,"Borah Peak, Idaho earthquake","Andersen Bar, X1-X2",1.0,6.9,0.29,0.2165319519853465,2.0,70.0,6.661133080836677,159.7173691274688,0.8,2.0,,,0.8721436582765589,-0.6810519637342722,0.9404815726822627,1.0741709069736083,0.460093047575911,0.17310447215836366,0.21321127244576732,0.3619956926582863,6.661133080836677,0.09538233365732418,0.440500040676579,-0.559499959323421,0.559499959323421,0.9984439146849495
70.0,"Borah Peak, Idaho earthquake","Goddard Ranch, SA-2",1.0,6.9,0.3,0.2099200251212583,3.0,63.0,7.782228322306794,168.8155155392093,1.2,2.4,,,0.6743278577223972,-0.7206936479730256,0.8137082813274912,0.9030895892194326,0.460093047575911,0.07767056673366081,0.10448495910124324,0.24898702124210081,7.782228322306794,0.10671528090251785,0.508361605048755,-0.49163839495124495,0.49163839495124495,0.9926512024560202
71.0,"Borah Peak, Idaho earthquake","Goddard Ranch, SA-4",1.0,6.9,0.3,0.2097799865846104,3.0,63.0,5.325557435467441,145.16567150374203,1.2,2.4,,,0.6743278577223972,-0.7215332464085746,1.0915082777770988,1.3478006654280266,0.460093047575911,0.16063274637254604,0.23752046266782434,0.393195376321299,5.325557435467441,0.08281869165816058,0.39478833518161843,-0.6052116648183816,0.6052116648183816,0.9995981567596346
72.0,"Borah Peak, Idaho earthquake","Mackay Dam, downstream toe,",0.0,6.9,0.23,0.13140363445792,6.0,23.0,45.91411508654128,318.54258131069315,2.3,2.8,,,0.13033440619845263,-1.191437204310271,-3.4982400811777237,-1.9123744137116123,0.460093047575911,-1.5365472326744531,-1.0607875324346199,-1.450054386867976,46.15943614857532,0.49107142857142855,3.737122116882442,2.737122116882442,-2.737122116882442,9.973108237026906e-07
73.0,"Borah Peak, Idaho earthquake","North Gravel Bar, Bar Site",0.0,6.9,0.46,0.3422240803013601,5.0,62.0,29.639686562242836,303.66693935021846,1.0,2.4,,,0.7732357579994781,0.07253284813998709,-1.6579300052578383,-1.6326532140446937,0.460093047575911,-0.2870874159356661,-0.2795043785717227,-0.4550783430328197,29.639686562242836,0.4711691305442736,1.3767854387375822,0.3767854387375822,-0.3767854387375822,0.12444431521649113
74.0,"Borah Peak, Idaho earthquake","North Gravel Bar, Tarrace",0.0,6.9,0.46,0.2580047828882695,5.0,62.0,37.54913009852912,316.12184433175446,3.0,3.65,,,-0.21584324477133043,-0.43240237928857367,-2.552328761749629,-1.8668549360563975,0.460093047575911,-0.9804436957802173,-0.774801548072248,-1.0553415688876766,37.54913009852912,0.49107142857142855,1.9033423453397371,0.9033423453397371,-0.9033423453397371,0.010145518328256165
75.0,"Borah Peak, Idaho earthquake","Pence Ranch, SA1",1.0,6.9,0.36,0.2332385585010739,1.0,66.0,7.404697526202232,132.94943060685176,1.7,2.8,,,0.4270581070296951,-0.5808878158525651,0.8563994103587781,1.5775145539565172,0.460093047575911,0.10393657975871369,0.3202711228380355,0.3918883310993959,7.404697526202232,0.10281868568840133,0.4408305657056611,-0.559169434294339,0.559169434294339,0.9984302121373917
76.0,"Borah Peak, Idaho earthquake","Pence Ranch, SA2",1.0,6.9,0.36,0.2526415761458503,4.0,70.0,7.527912266176347,122.64103517761416,1.5,3.1,,,0.5259660073067759,-0.46455738531939933,0.8424663049881249,1.7713533639903203,0.460093047575911,0.17188692194285848,0.45055303964351706,0.4883667027740501,7.527912266176347,0.10408146461723301,0.4119728280872767,-0.5880271719127232,0.5880271719127232,0.9993077785076254
77.0,"Borah Peak, Idaho earthquake","Pence Ranch, SA3",1.0,6.9,0.36,0.2352909472371076,1.0,55.0,8.296681172508732,141.761248601046,1.4,2.4,,,0.5754199574453164,-0.5685827574510695,0.7555340257830468,1.4118173486102348,0.460093047575911,0.10888661074979163,0.305771607597948,0.3725549536386409,8.296681172508732,0.11215619443647498,0.4766702491254491,-0.5233297508745509,0.5233297508745509,0.9962284292557111
78.0,"Borah Peak, Idaho earthquake","Pence Ranch, SA4",1.0,6.9,0.36,0.2354288516848892,1.0,41.0,7.160854279211187,130.4439417461065,1.8,3.1,,,0.3776041568911546,-0.5677559539055298,0.8839731702430431,1.6246277038791845,0.460093047575911,0.10822725557245101,0.3304236156632935,0.40153107471453664,7.160854279211187,0.10034520585116612,0.42622306116275677,-0.5737769388372432,0.5737769388372432,0.9989483629091267
79.0,"Borah Peak, Idaho earthquake","Pence Ranch, SA5",1.0,6.9,0.36,0.248822422508968,2.0,58.0,7.453253440082745,159.4407896550127,1.5,3.0,,,0.5259660073067759,-0.4874550497438005,0.85090871448418,1.0793717004616623,0.460093047575911,0.16411569580069452,0.2326545915939392,0.3436446694189891,7.453253440082745,0.10331528021252505,0.4152169212515459,-0.584783078748454,0.584783078748454,0.9992367288358655
80.0,"Borah Peak, Idaho earthquake","Pence Ranch, SA-A",1.0,6.9,0.36,0.2335471413982348,4.0,54.0,8.876036124228975,172.84183774824837,2.0,2.8,,,0.2786962566140738,-0.5790377128459555,0.6900206497776794,0.8273787270226639,0.460093047575911,0.02518312785423417,0.06639055102772949,0.17956057956559462,8.876036124228975,0.1184645781799034,0.5072405402637858,-0.49275945973621416,0.49275945973621416,0.9928115750558066
81.0,"Borah Peak, Idaho earthquake","Pence Ranch, SA-B",1.0,6.9,0.36,0.2238099743491498,4.0,54.0,10.529593554621751,184.4927064404484,1.5,2.1,,,0.5259660073067759,-0.6374167163458756,0.5030366094028914,0.6082960833019262,0.460093047575911,-0.007728685694625856,0.02384915647508458,0.1273685416600578,10.529593554621751,0.13752448727869282,0.6144698764146713,-0.3855301235853287,0.3855301235853287,0.9604686197403121
82.0,"Borah Peak, Idaho earthquake","Pence Ranch, SA-C",1.0,6.9,0.36,0.2249209058751288,4.0,54.0,10.610529361598005,154.99387935690942,1.5,2.1,,,0.5259660073067759,-0.6307561470944324,0.493884399796347,1.1629912905742583,0.460093047575911,-0.0074770924134397315,0.19325497481993364,0.2388083404312205,10.610529361598005,0.1384975119547976,0.6157609556831876,-0.38423904431681244,0.38423904431681244,0.9598182911718078
83.0,"Borah Peak, Idaho earthquake","Pence Ranch, SA-D",1.0,6.9,0.36,0.2212193599019619,4.0,54.0,10.388460826474502,187.1678566665742,1.5,2.1,,,0.5259660073067759,-0.6529486969637429,0.5189958783421148,0.5579926253046578,0.460093047575911,-0.00993029629089913,0.0017687277978637589,0.11506351063219526,10.388460826474502,0.1358367191135729,0.6140363084576859,-0.38596369154231414,0.38596369154231414,0.9606853851976076
84.0,"Borah Peak, Idaho earthquake","Pence Ranch, SA-E",1.0,6.9,0.36,0.214010609587711,4.0,54.0,9.759109020668054,167.37019733172897,1.7,2.3,,,0.4270581070296951,-0.6961686250705785,0.5901628915367552,0.9302673166728791,0.460093047575911,-0.027810740035999246,0.07422058750483791,0.16884329665195896,9.759109020668054,0.1284490154278634,0.6001992876676486,-0.39980071233235137,0.39980071233235137,0.9671809226304158
85.0,"Borah Peak, Idaho earthquake","Pence Ranch, XDXE",1.0,6.9,0.36,0.2578123056945823,4.0,54.0,9.600204571973055,187.6639497147225,1.5,3.4,,,0.5259660073067759,-0.4335563727147187,0.608131784122156,0.5486641040251614,0.460093047575911,0.11553702135517409,0.09769671732607572,0.2078123010194627,9.600204571973055,0.12661948887126234,0.49113050880225356,-0.5088694911977465,0.5088694911977465,0.9948277421930822
86.0,"Borah Peak, Idaho earthquake","Pence Ranch, HY1-C",1.0,6.9,0.35,0.2271884052213453,2.0,49.0,8.100925873009825,136.19654938366793,1.65,2.7,,,0.45178508209896534,-0.6171613970401773,0.7776700073657294,1.5164558136261597,0.460093047575911,0.06894004234022767,0.2905757842183567,0.35618034403290444,8.100925873009825,0.11006803870461232,0.48447912030270707,-0.515520879697293,0.515520879697293,0.9955159305810718
87.0,"Borah Peak, Idaho earthquake","Pence Ranch, HY2-C",1.0,6.9,0.35,0.2393587494326959,3.0,57.0,8.774661295518126,135.48683129220427,1.45,2.5,,,0.5506929823760461,-0.5441943252288303,0.7014841010713875,1.529801334881445,0.460093047575911,0.0987010328224474,0.3471962029654646,0.38893232221448076,8.774661295518126,0.11734690049313559,0.4902553208155518,-0.5097446791844482,0.5097446791844482,0.9949228041058094
88.0,"Borah Peak, Idaho earthquake","Pence Ranch, HY3-C",1.0,6.9,0.35,0.222477778563087,7.0,72.0,9.5115061898734,154.92864073323176,1.35,1.95,,,0.6001469325145865,-0.645403871343329,0.6181617846258342,1.1642180360235117,0.460093047575911,0.038050832164965034,0.20186770758426825,0.27361864804141695,9.712872641059874,0.12791519024675443,0.5749571533522037,-0.42504284664779635,0.42504284664779635,0.977023617714174
89.0,"Borah Peak, Idaho earthquake","Pence Ranch, PH1-C",1.0,6.9,0.35,0.2355454513206437,1.0,49.0,10.360299468873752,146.8254444394176,1.1,1.75,,,0.7237818078609376,-0.5670568829632847,0.5221803606768932,1.3165903366250447,0.460093047575911,0.06923952482057293,0.30756251760501835,0.337045244374221,10.360299468873752,0.13550130720408282,0.5752660747399762,-0.42473392526002385,0.42473392526002385,0.9769179568492452
90.0,"Borah Peak, Idaho earthquake","Pence Ranch, HY1-D",0.0,6.9,0.35,0.2689893300958533,2.0,61.0,24.4754945012574,277.7946138108716,1.65,4.3,,,0.45178508209896534,-0.3665447313049303,-1.0739638973464296,-1.1461506511792847,0.460093047575911,-0.37377262949255885,-0.39542865564241536,-0.45895189686327986,24.4754945012574,0.3604301420574737,1.3399421528319946,0.3399421528319946,-0.3399421528319946,0.14565825718505127
91.0,"Borah Peak, Idaho earthquake","Pence Ranch, HY2-D",0.0,6.9,0.35,0.2877386978258383,5.0,44.0,25.13944055636007,260.0869213341065,1.45,4.55,,,0.5506929823760461,-0.2541332466490378,-1.1490428233590022,-0.8131756443799442,0.460093047575911,-0.3259295591457629,-0.22516940545204545,-0.3482470810209477,25.13944055636007,0.37381385946730017,1.2991435016973671,0.29914350169736714,-0.29914350169736714,0.17265302819024247
92.0,"Borah Peak, Idaho earthquake","Pence Ranch, HY3-D",0.0,6.9,0.35,0.2849960616634742,17.0,54.0,25.888438695667844,300.46844980639054,1.35,4.15,,,0.6001469325145865,-0.2705766706259024,-1.2337394270250137,-1.5725088965961518,0.460093047575911,-0.34884729100744727,-0.4504781318787887,-0.512917460561586,30.456015567274843,0.49006906004968703,1.7195643237637608,0.7195643237637608,-0.7195643237637608,0.025305827890117483
93.0,"Borah Peak, Idaho earthquake","Pence Ranch, BR1-D",0.0,6.9,0.35,0.281874284229938,17.0,54.0,21.50478449866053,250.93500247863184,1.85,6.15,,,0.3528771818218844,-0.2892932290252478,-0.7380364303848405,-0.6410831909376212,0.460093047575911,-0.25801279343364114,-0.22892682159947542,-0.28349646568015663,25.808935334470064,0.3875644933326641,1.374955130764996,0.3749551307649961,-0.3749551307649961,0.12543147990219938
94.0,"Borah Peak, Idaho earthquake","Pence Ranch, PH1-D",0.0,6.9,0.35,0.2995205000977005,3.0,61.0,27.27899256299247,322.2587282896164,1.1,3.9,,,0.7237818078609376,-0.18349567079179263,-1.3909830616832815,-1.982252748632886,0.460093047575911,-0.332106956410308,-0.5094878624951894,-0.5711096328893779,27.27899256299247,0.4186563834398438,1.3977553566559966,0.3977553566559966,-0.3977553566559966,0.11360758947664495
95.0,"Borah Peak, Idaho earthquake","Whiskey Springs, B.H.1",1.0,6.9,0.6,0.3406143158594608,12.0,67.0,27.395360870066728,275.09501488434194,1.0,1.13,,,0.7732357579994781,0.06288153544154493,-1.404141973389874,-1.0953874604306206,0.460093047575911,-0.2152940970895758,-0.12266774320179975,-0.300245545380867,29.813781114940905,0.47516788184676634,1.3950320339525102,0.3950320339525102,-0.3950320339525102,0.11496663461986312
96.0,"Borah Peak, Idaho earthquake","Whiskey Springs, B.H.2",1.0,6.9,0.35,0.2701708009863527,2.0,48.0,13.107149066667697,202.51562384796307,1.52,3.35,,,0.5160752172790678,-0.35946124460866374,0.21156699663100614,0.269393594782572,0.460093047575911,0.02793223475001226,0.04528021419548203,0.09660037850429246,13.107149066667697,0.17035094006834364,0.6305305364103676,-0.3694694635896324,0.3694694635896324,0.9518544896974098
97.0,"Borah Peak, Idaho earthquake","Whiskey Springs, B.H.3",1.0,6.9,0.6,0.3116105832089174,24.0,39.0,4.9916182990928535,147.8392542042078,7.0,8.08,,,-2.194001250312948,-0.11100980290988338,1.129270068091062,1.2975266831440957,0.460093047575911,-0.12696898856592298,-0.07649200405001284,0.030710321544778305,9.70787378114079,0.1278575487551989,0.4103119587227806,-0.5896880412772194,0.5896880412772194,0.9993419421064831
98.0,"Borah Peak, Idaho earthquake","Whiskey Springs, B.H.4",1.0,6.9,0.6,0.2963560686520955,20.0,42.0,4.928896434859365,151.54042647285135,9.36,11.43,,,-3.3611144735825014,-0.20246796052524121,1.1363626476281579,1.2279299323006876,0.460093047575911,-0.39942003028561596,-0.371949844883857,-0.24722351253577013,8.935129331316714,0.1191188018690857,0.401944871285643,-0.598055128714357,0.598055128714357,0.9994932244162906
99.0,"Borah Peak, Idaho earthquake","Whiskey Springs, WS1B-C1",1.0,6.9,0.5,0.4065940369792722,21.0,59.0,19.57149818813651,250.2379670683553,0.8,2.9,,,0.8721436582765589,0.4584617232682677,-0.519420687805412,-0.6279761545024246,0.460093047575911,0.24791495316320422,0.21534831315410047,0.12841561871643375,25.037100934079167,0.3717344925687287,0.9142644966720931,-0.08573550332790691,0.08573550332790691,0.626740754508576
100.0,"Borah Peak, Idaho earthquake","Whiskey Springs, WS1B-D",0.0,6.9,0.5,0.4295353427082864,15.0,78.0,15.76414905503484,240.34259402495056,0.8,6.050000000000001,,,0.8721436582765589,0.5960058940415018,-0.08888618628786116,-0.4419038070899617,0.460093047575911,0.4389701804664249,0.3330648942257947,0.2998774482730684,19.020484609862773,0.260005780375151,0.6053187119266474,-0.39468128807335257,0.39468128807335257,0.9648721753045952
101.0,"Borah Peak, Idaho earthquake","Whiskey Springs, WS2B-C1",1.0,6.9,0.5,0.3022336007010356,30.0,33.0,11.837956096653135,190.59738414804505,2.4,3.35,,,0.08088045605991216,-0.1672293267084157,0.35508715818489206,0.4935038762505579,0.460093047575911,0.07045369402745853,0.11197870944715829,0.1503686861299225,18.370989336417622,0.24918166812286108,0.8244671259081726,-0.17553287409182738,0.17553287409182738,0.7567983428823788
102.0,"Borah Peak, Idaho earthquake","Whiskey Springs, WS3B-C1",1.0,6.9,0.5,0.2522475080810607,21.0,63.0,5.546049240842955,148.1053012955034,6.7,7.25,,,-2.045639399897326,-0.46692001305471376,1.066575095608245,1.292523940288168,0.460093047575911,-0.2762647047928174,-0.2084800513888404,-0.07772542499053682,9.802180165667604,0.12894739520539222,0.511193930859188,-0.48880606914081204,0.48880606914081204,0.9922335644031519
103.0,"Borah Peak, Idaho earthquake",Whiskey Springs Site 1 Unit C1,1.0,6.9,0.5,0.3970221618704311,20.0,40.0,16.899603496756573,215.83058745559555,0.8,2.4000000000000004,0.8,0.0,0.8721436582765589,0.4010737245143239,-0.21728321397633846,0.019019351859514453,0.460093047575911,0.3127315958726516,0.38362236562340746,0.2981564151907559,21.856821911760505,0.3100993922456856,0.7810631799110678,-0.21893682008893223,0.21893682008893223,0.8135522157474374
104.0,"Borah Peak, Idaho earthquake",Whiskey Springs Site 2 Unit C1,1.0,6.9,0.5,0.3049341243111714,30.0,35.0,13.367051251612937,200.6426770422176,2.4,3.35,1.0,1.4,0.08088045605991216,-0.1510383877532759,0.1821772943140127,0.30461243971091073,-0.6353825130452714,-0.028907120635051495,0.00782342298401792,0.02890147665105698,20.13604951251083,0.2791597218967095,0.9154755064796871,-0.08452449352031288,0.08452449352031288,0.6249319936207826
105.0,"Borah Peak, Idaho earthquake",Whiskey Springs Site 3 Unit C1,1.0,6.9,0.5,0.2521557725181423,20.0,63.0,6.424705864398524,158.2641523201232,6.8,7.3,4.6,2.2,-2.0950933500358664,-0.46747001191184384,0.9672167288804175,1.1014971595015273,-1.261368547685947,-0.4022835840876751,-0.3619994549013423,-0.231958823884227,10.549769929193872,0.13776670098611998,0.5463555309891144,-0.4536444690108856,0.4536444690108856,0.9853649658016979
106.0,"Borah Peak, Idaho earthquake","Larter Ranch, X3X4",1.0,6.9,0.5,0.400887623132484,10.0,61.0,19.342261422157364,240.03499881674983,0.8,2.85,,,0.8721436582765589,0.424249025442061,-0.4934986267282538,-0.43611979448208116,0.460093047575911,0.24029585746455867,0.2575095071384105,0.15999685869676172,20.629853071776655,0.28786525327240464,0.7180696950009652,-0.2819303049990348,0.2819303049990348,0.8838190563894956
107.0,"Borah Peak, Idaho earthquake","Larter Ranch, SA1, 85",1.0,6.9,0.5,0.3765641514242682,10.0,61.0,14.619590345662903,209.72088510149817,0.8,2.85,,,0.8721436582765589,0.27841810431006997,0.04054035069893208,0.13390604223811106,0.460093047575911,0.3348836361833185,0.3628933436450722,0.3297689991300405,15.80506473363192,0.20877674688420392,0.5544254440964531,-0.4455745559035469,0.4455745559035469,0.9832881266975769
108.0,"Borah Peak, Idaho earthquake","Larter Ranch, SA1, 90",1.0,6.9,0.5,0.3860399333868365,10.0,61.0,20.562416272485173,246.5392702916571,0.8,2.85,,,0.8721436582765589,0.3352299783971267,-0.631473564643168,-0.5584259527476918,0.460093047575911,0.15884480491986397,0.18075908848850686,0.07678397299492973,21.87639105785256,0.31046097813996554,0.8042198521178998,-0.1957801478821002,0.1957801478821002,0.7839797595982794
109.0,Hyogoken-Nambu earthquake,Hanshin Expressway 5.3,1.0,6.9,0.5,0.3846859964901116,18.0,40.0,8.676613685939275,180.32636355142284,2.1,5.6,,,0.22924230647553334,0.32711247497604673,0.7125713108962004,0.6866398908658972,0.460093047575911,0.42982512068198336,0.42204569467289244,0.4631847202679381,12.486007973854989,0.16209319630735974,0.4213649516392687,-0.5786350483607313,0.5786350483607313,0.9990852105547305
110.0,Hyogoken-Nambu earthquake,Hanshin Expressway 5.10,1.0,6.9,0.58,0.4534476559149376,16.0,30.0,3.5069543127680967,125.33981411214644,1.8,5.5,,,0.3776041568911546,0.7393717220431332,1.2971556616963595,1.7206055923506827,0.460093047575911,0.8203894571853444,0.9474244363816412,0.9608578372815316,6.463464884347785,0.09345862123635106,0.20610674686977098,-0.793893253130229,0.793893253130229,0.9999999938430219
111.0,Hyogoken-Nambu earthquake,Hanshin Expressway 5.14,1.0,6.9,0.63,0.3808301702317817,12.0,50.0,8.401729966220916,178.21919435331262,4.3,6.5,,,-0.8587445965723558,0.3039949405334926,0.7436551230465777,0.7262630478068002,0.460093047575911,0.21114999321836936,0.2059323706464361,0.2516375964217224,10.22053611023744,0.13384338091107537,0.3514516216759174,-0.6485483783240826,0.6485483783240826,0.999918647289374
112.0,Hyogoken-Nambu earthquake,Hanshin Expressway 5.25,1.0,6.9,0.65,0.4792786718290914,9.0,50.0,7.096561294833737,174.02072813415498,3.2,8.8,,,-0.31475114504841134,0.8942410963546874,0.8912434118238228,0.8052109016677794,0.460093047575911,0.6298359402758694,0.6040261872290564,0.6123296697915743,7.7739305614222705,0.10662876214388399,0.2224775864466327,-0.7775224135533673,0.7775224135533673,0.9999999701504837
113.0,Hyogoken-Nambu earthquake,Hanshin Expressway 5.29,1.0,6.9,0.65,0.4995303472980701,12.0,40.0,7.911687591463164,178.40241334076146,2.5,7.2,,,0.031426505921371695,1.015659639050209,0.7990690454800399,0.7228178025456463,0.460093047575911,0.7260575047796759,0.7031821318993577,0.6891481968357803,9.715023480244655,0.12793999581123638,0.2561205670551473,-0.7438794329448527,0.7438794329448527,0.9999995489715295
114.0,Hyogoken-Nambu earthquake,KNK Kainan Port Sub-station (KPS) 1,0.0,6.9,0.12,0.090828425592717,10.0,50.0,5.06116117188896,146.98251562773342,2.0,6.6,2.0,0.0,0.2786962566140738,-1.4347051125643728,1.121406169870365,1.313636773925327,0.460093047575911,-0.230451545991248,-0.17278236477475944,0.06360570306321832,6.039955781170444,0.08941218285907154,0.98440749441154,-0.015592505588460037,0.015592505588460037,0.5225963589916677
115.0,Hyogoken-Nambu earthquake,KNK Kainan Port Sub-station (KPS) 2,0.0,6.9,0.12,0.0990121363940175,10.0,50.0,6.1761608825450764,168.4,2.0,10.4,2.0,0.0,0.2786962566140738,-1.3856398270349075,0.9953221602779813,0.910902933034556,0.460093047575911,-0.24619737038070366,-0.2715231385537312,-0.024985017098099818,7.179064881481019,0.1005287552938637,1.0153175050562573,0.015317505056257286,-0.015317505056257286,0.478141903111594
116.0,Hyogoken-Nambu earthquake,Nishinomiya Expressway 3,0.0,6.9,0.63,0.4129399230513459,7.0,50.0,8.191727572200698,178.40889041143822,3.7,7.0,,,-0.5620208957411135,0.49650836489864797,0.7674021640628376,0.7226960078705091,0.460093047575911,0.3642498866538157,0.3508380397961172,0.382398035331769,8.381849167507742,0.11307153211758388,0.2738207807132378,-0.7261792192867622,0.7261792192867622,0.9999985006179295
117.0,Hyogoken-Nambu earthquake,Nishinomiya Expressway 17,0.0,6.9,0.53,0.341713942195281,8.0,50.0,20.959500066813543,239.83365650648796,2.0,3.3,,,0.2786962566140738,0.0694743246361686,-0.6763757439483243,-0.4323337587116717,0.460093047575911,-0.0929053733966111,-0.019692777825615307,-0.1186819832077299,21.52273468716876,0.30396010455052946,0.8895162503402446,-0.11048374965975538,0.11048374965975538,0.6635576597445751
118.0,Hyogoken-Nambu earthquake,Nishinomiya Expressway 23,0.0,6.9,0.63,0.3854521956739417,11.0,40.0,5.959600606460966,148.19538959441442,2.9,4.0,,,-0.16638929463278995,0.33170620789743643,1.0198107656705788,1.2908299221668462,0.460093047575911,0.4449378167072576,0.5262435636561378,0.5679521037838253,7.326377787188634,0.10202052754282087,0.26467751043535676,-0.7353224895646433,0.7353224895646433,0.9999991799999334
119.0,Hyogoken-Nambu earthquake,Nishinomiya Expressway 28,0.0,6.9,0.65,0.4829309501599276,2.0,30.0,7.791472258981788,173.07773607729476,2.2,6.0,,,0.1797883563369929,0.9161382629929659,0.8126629782756046,0.8229429007386214,0.460093047575911,0.7150234354757101,0.7181074122146152,0.7067318914965773,7.791472258981788,0.10681171153854684,0.2211738790052181,-0.7788261209947819,0.7788261209947819,0.9999999734930689
120.0,Hyogoken-Nambu earthquake,"LPG Tank Yard, Kobe",1.0,6.9,0.5,0.3728427752582409,10.0,30.0,4.10156111494118,128.38777651376813,1.5,4.0,,,0.5259660073067759,0.25610666288918543,1.2299176085987746,1.663291783522356,0.460093047575911,0.6124211347199165,0.7424333871969909,0.796477064275592,5.059606506564319,0.08043860835213096,0.2157440446483562,-0.7842559553516438,0.7842559553516438,0.9999999840366394
121.0,Hyogoken-Nambu earthquake,"Port Island 1C, Instrumented array",1.0,6.9,0.5,0.3480241996807482,13.0,30.0,6.336850939516328,164.2415919182074,3.0,8.6,4.0,0.0,-0.21584324477133043,0.10730735573982045,0.9771513513612311,0.9890975346816179,0.460093047575911,0.321269718915818,0.32485357391193403,0.4106433551420365,8.45892275971294,0.11390344843893693,0.3272860006385291,-0.6727139993614709,0.6727139993614709,0.9999718397812057
122.0,Hyogoken-Nambu earthquake,"Port Island Common Factory, 1",0.0,6.9,0.5,0.3395979099564377,6.0,30.0,10.672832025302966,202.4912018042085,3.2,9.0,0.0,3.2,-0.31475114504841134,0.05678769280016797,0.4868392233957316,0.26985282628300084,-2.043851090986792,0.006463445219773184,-0.05863247391404604,0.006071318856783414,10.752626949663258,0.14021488945062827,0.41288501884070633,-0.5871149811592937,0.5871149811592937,0.9992883877953409
123.0,Hyogoken-Nambu earthquake,"Port Island Common Factory, 2",0.0,6.9,0.5,0.3401376267356133,5.0,30.0,8.069208944680488,181.58786851223485,3.2,9.2,0.0,3.2,-0.31475114504841134,0.06002355468706256,0.7812565531356506,0.6629185831091163,-2.043851090986792,0.09624478199085142,0.06074339098289118,0.14470048783040346,8.069208944680488,0.10973177007775979,0.32260991273115913,-0.6773900872688409,0.6773900872688409,0.9999774446505495
124.0,Hyogoken-Nambu earthquake,Port Island Dhole Array 91,1.0,6.9,0.5,0.3668879473056111,10.0,30.0,10.015414196484125,194.1163054392217,2.4,7.2,,,0.08088045605991216,0.2204046029229179,0.5611799385033819,0.4273341682327951,0.460093047575911,0.30671679645710564,0.26656306537592955,0.31402517596103463,11.101333512144647,0.14447822175954125,0.39379386218755635,-0.6062061378124437,0.6062061378124437,0.9996111574071236
125.0,Hyogoken-Nambu earthquake,Port Island Dhole Array 95,1.0,6.9,0.5,0.4056859484228657,10.0,30.0,6.912305647571342,169.77392518840037,2.4,7.8,,,0.08088045605991216,0.4530172952590271,0.9120790143579366,0.8850676781277028,0.460093047575911,0.5166622307647212,0.508558829895651,0.5571661354285653,7.9311271403079475,0.10827450063312198,0.26689241038307376,-0.7331075896169262,0.7331075896169262,0.9999990478422953
126.0,Hyogoken-Nambu earthquake,SGK Technical Research Center (TRC) 1,0.0,6.9,0.45,0.2358379045071989,10.0,30.0,7.762769886127884,176.23083218455614,7.0,8.5,0.0,7.0,-2.194001250312948,-0.5653034853358841,0.8159086385386968,0.7636521603368474,-5.017284755530001,-0.6992784646786285,-0.7149554081391833,-0.5716085479315403,8.799980777102519,0.11762550262798795,0.49875571475151675,-0.5012442852484833,0.5012442852484833,0.9939384012315693
127.0,Hyogoken-Nambu earthquake,SGK Technical Research Center (TRC) 2,0.0,6.9,0.4,0.2192443369456206,10.0,30.0,5.454384875626908,155.84884100727112,7.0,9.0,0.0,7.0,-2.194001250312948,-0.664789910275525,1.0769404890632612,1.1469146130672425,-5.017284755530001,-0.6657378007440976,-0.6447455635429031,-0.47756993600942266,6.441682073208804,0.093247996097174,0.42531541473886464,-0.5746845852611353,0.5746845852611353,0.9989751525836825
128.0,"San Francisco, California earthquake","Coyote creek, SR1",1.0,7.9,0.36,0.3467194354963478,5.0,60.0,6.242111480815118,159.62369013077972,2.4,4.6,,,0.08088045605991216,0.09948466639869029,0.987864475952655,1.0759324444862137,0.460093047575911,0.3803081862559851,0.40672857681605273,0.4867597609180933,6.242111480815118,0.09133090424814011,0.2634144351250311,-0.7365855648749688,0.7365855648749688,0.9999992476981443
129.0,"San Francisco, California earthquake","Coyote creek, R1-R2",1.0,7.9,0.36,0.3351450016197631,5.0,60.0,9.12150066917335,184.61395314623527,2.4,4.2,,,0.08088045605991216,0.030090363889088534,0.6622635537501433,0.6060161632763915,0.460093047575911,0.2514004734659108,0.23452625632378526,0.3033683143572659,9.12150066917335,0.1211951984910134,0.36162018799407525,-0.6383798120059248,0.6383798120059248,0.9998777608120091
130.0,"San Francisco, California earthquake","Coyote creek, R1-R3",1.0,7.9,0.36,0.3351450016197631,5.0,60.0,10.202201321612858,193.0054964710641,2.4,4.2,,,0.08088045605991216,0.030090363889088534,0.5400580768101564,0.4482217923097526,0.460093047575911,0.21473883038391472,0.1871879450337936,0.24736834477594077,10.202201321612858,0.1336267148508538,0.3987131367170418,-0.6012868632829582,0.6012868632829582,0.9995431740291837
131.0,"San Francisco, California earthquake","Coyote creek, R2-R3",1.0,7.9,0.36,0.3467194354963478,5.0,60.0,11.443893957381508,203.05072347518305,2.4,4.6,,,0.08088045605991216,0.09948466639869029,0.3996476491635688,0.2593315947650268,0.460093047575911,0.20384313821925926,0.16174832189969668,0.20579622561603872,11.443893957381508,0.14873406818299095,0.4289752836326294,-0.5710247163673706,0.5710247163673706,0.9988635322698508
132.0,Loma Prieta earthquake,"Coyote creek, SR1",0.0,7.0,0.18,0.1277357662777852,5.0,60.0,6.242111480815118,163.60578072429607,2.4,4.6,,,0.08088045605991216,-1.2134278395993572,0.987864475952655,1.0010533124823402,0.460093047575911,-0.21050244144313623,-0.20654579048423072,0.01226455741800207,6.242111480815118,0.09133090424814011,0.7149986797708956,-0.2850013202291044,0.2850013202291044,0.8868130200300771
133.0,Loma Prieta earthquake,"Coyote creek, R1-R2",0.0,7.0,0.18,0.1238119244687013,5.0,60.0,9.12150066917335,189.8361654651428,2.4,4.2,,,0.08088045605991216,-1.236953160008353,0.6622635537501433,0.5078178133402007,0.460093047575911,-0.3187691122879379,-0.3651028344109207,-0.15973658899407672,9.12150066917335,0.1211951984910134,0.9788653153650851,-0.021134684634914858,0.021134684634914858,0.5307003703653452
134.0,Loma Prieta earthquake,"Coyote creek, R1-R3",0.0,7.0,0.18,0.1238119244687013,5.0,60.0,10.202201321612858,198.46508207719472,2.4,4.2,,,0.08088045605991216,-1.236953160008353,0.5400580768101564,0.3455598810128257,0.460093047575911,-0.355430755369934,-0.4137802141091332,-0.21662927084754907,10.202201321612858,0.1336267148508538,1.079271769857948,0.07927176985794793,-0.07927176985794793,0.39162114605063075
135.0,Loma Prieta earthquake,"Coyote creek, R2-R3",0.0,7.0,0.18,0.1277357662777852,5.0,60.0,10.789054834637488,203.3042422235738,2.4,4.6,,,0.08088045605991216,-1.2134278395993572,0.47369676455297133,0.2545644345559858,0.460093047575911,-0.3647527548630413,-0.430492453862137,-0.23986676044720556,10.789054834637488,0.14065701137858197,1.1011560464020478,0.10115604640204778,-0.10115604640204778,0.3641134417130567
136.0,Guatemala earthquake,Lake Amatitlan B-1,1.0,7.5,0.12,0.1706696223613948,10.0,22.0,5.988109752072867,168.0630870102725,1.6,8.73,0.5,0.4,0.47651205716823547,-0.9560187059226748,1.0165869555166855,0.9172382364735839,0.14710003025557317,-0.022574918063772285,-0.05237953377670276,0.15481590427154354,6.986947563424915,0.09860190024664528,0.5777355037316171,-0.4222644962683829,0.4222644962683829,0.9760606388586245
137.0,Guatemala earthquake,Lake Amatitlan B-2,1.0,7.5,0.12,0.1506009571250677,10.0,22.0,10.0111368587464,205.71315808920528,2.51,9.0,0.5,1.0,0.026481110907517754,-1.0763400141804351,0.5616636192498421,0.20926724081997777,-0.3223894957249336,-0.3266771732109863,-0.4323960867399457,-0.23335608555393136,11.09696368648857,0.1444243657843144,0.9589870379401113,-0.04101296205988869,0.04101296205988869,0.5600180276555297
138.0,Guatemala earthquake,Lake Amatitlan B-4,0.0,7.5,0.12,0.140905564237644,10.0,19.0,8.782300363634159,198.4270195363455,3.35,10.8,3.6,0.0,-0.38893207025622195,-1.1344685614729657,0.7006202763291801,0.34627560807973157,0.460093047575911,-0.35510653143652937,-0.4614099319113639,-0.24246658130620447,9.841556334362519,0.1294039476666132,0.9183735813893569,-0.08162641861064313,0.08162641861064313,0.6206020734192185
139.0,Chi-Chi earthquake,"NanTou, B-1",0.0,7.6,0.428,0.4088068754440023,15.3,41.0,10.612683296400403,190.8039727142075,1.5,5.0,0.0,1.5,0.5259660073067759,0.471728755026686,0.49364083315351154,0.48961919001530346,-0.7136307673753559,0.42988185280064956,0.42867535985918714,0.4312687319856905,13.723123434386602,0.17875771820082292,0.43726690752614034,-0.5627330924738596,0.5627330924738596,0.9985728144827539
140.0,Chi-Chi earthquake,"NanTou, B-2",0.0,7.6,0.428,0.4416732242790947,20.5,45.0,13.98570841446936,223.2562272438651,1.8,7.3,5.8,0.0,0.3776041568911546,0.6687783366967216,0.11221962983167315,-0.12061219314460339,0.460093047575911,0.4331416242200532,0.36329207732717017,0.330919388938293,18.842327721275677,0.2570127287486181,0.581906972441261,-0.418093027558739,0.418093027558739,0.9745605332208565
141.0,Chi-Chi earthquake,"NanTou, BH-2",0.0,7.6,0.428,0.4182674755173138,19.0,13.0,14.153537983582453,222.1474788600151,1.7,7.2,0.0,1.7,0.4270581070296951,0.5284496063797596,0.09324148589162778,-0.09976331624346924,-0.8701272760355249,0.3076800262425429,0.24977858560201383,0.2255582537667103,18.618042915840704,0.2532705130190003,0.6055228480430015,-0.3944771519569985,0.3944771519569985,0.9647778370637607
142.0,Chi-Chi earthquake,"NanTou, BH-3",0.0,7.6,0.428,0.3677561897979204,16.0,45.0,18.540287312031467,269.7576224395867,4.0,17.2,1.4,0.0,-0.7103827461567347,0.22561013459776663,-0.4028115077742447,-0.9950232662864619,0.460093047575911,-0.13839078861582976,-0.3160543161694949,-0.3196753045554744,22.308597865571375,0.31850280186805036,0.8660705399494854,-0.13392946005051465,0.13392946005051465,0.6979508860601251
143.0,Chi-Chi earthquake,"NanTou, BH-4",0.0,7.6,0.428,0.3139407843082483,19.0,46.0,8.466390846060602,178.47472291230758,5.0,7.2,0.0,5.0,-1.2049222475421388,-0.09703912566386244,0.7363432798989579,0.7214580951693847,-3.452319668928312,-0.23636505553389414,-0.2408306109527661,-0.15600385192352673,12.516762956353485,0.16249687980119826,0.5176035989056071,-0.48239640109439286,0.48239640109439286,0.9912202011742293
144.0,Chi-Chi earthquake,"NanTou, BH-5",0.0,7.6,0.428,0.3916593575999714,22.0,9.0,18.75810561399868,273.2833339170392,2.8,17.8,4.6,0.0,-0.11693534449424949,0.3689211314966275,-0.42744237055578754,-1.061320656797262,0.460093047575911,0.037399381486691766,-0.15276410438575055,-0.16901262596684463,24.4314387697223,0.3595509855999287,0.9180196480002473,-0.08198035199975273,0.08198035199975273,0.6211309638306949
145.0,Chi-Chi earthquake,"NanTou, BH-6",1.0,7.6,0.428,0.4121732152971303,14.0,53.0,7.105907793466519,164.1855606686489,1.2,3.3,1.2,0.0,0.6743278577223972,0.4919115828529938,0.8901865110802545,0.9901511448980367,0.460093047575911,0.6462863895311985,0.6762757796765332,0.7061068091174811,9.611824797353576,0.12675278789417474,0.30752310725188753,-0.6924768927481124,0.6924768927481124,0.9999894217396489
146.0,Chi-Chi earthquake,"NanTou, BH-7",0.0,7.6,0.428,0.4311931724967988,20.0,42.0,17.514658851430415,263.8170383100094,0.65,16.2,1.8,0.0,0.9463245834843695,0.6059453816294168,-0.2868335864987766,-0.8833166707752995,0.460093047575911,0.3988949148592741,0.21994998957631717,0.19032040119115012,22.520738936206648,0.3224890439170288,0.7478992351610646,-0.2521007648389354,0.2521007648389354,0.8525707837442715
147.0,Chi-Chi earthquake,"NanTou, BH-8",0.0,7.6,0.428,0.3345767174179833,11.0,57.0,11.67431253698141,200.23943464902536,5.0,8.8,4.3,0.7000000000000002,-1.2049222475421388,0.02668322655259061,0.37359194876931334,0.31219499959504865,-0.08764473273468033,-0.12128164956570203,-0.13970073431798144,-0.0988701671788827,13.192431706247417,0.1715019409067307,0.5125937699139869,-0.48740623008601314,0.48740623008601314,0.9920204399505536
148.0,Chi-Chi earthquake,"NanTou, BH-9",0.0,7.6,0.428,0.2888142208769889,26.0,2.0,15.859577884583391,248.1366946529488,9.6,16.2,1.4,0.0,-3.4798039539149985,-0.24768496824826144,-0.09967726483720825,-0.5884638805161158,0.460093047575911,-0.8143175535670844,-0.9609535382707566,-0.8972741063617605,22.191827127131248,0.31631959191851106,1.0952355149202893,0.09523551492028925,-0.09523551492028925,0.37143914933569133
149.0,Chi-Chi earthquake,"NanTou, BH-10",0.0,7.6,0.428,0.3812479804202934,16.0,46.0,12.10803776562107,203.68183047332235,2.4,5.8,0.0,2.4,0.08088045605991216,0.3064999137289273,0.3245463612542438,0.2474642745440392,-1.417865056346116,0.1805717079489671,0.1574470819359057,0.1669599353594578,15.52900684365482,0.20465389552551458,0.5367999465856871,-0.4632000534143129,0.4632000534143129,0.9875663333874545
150.0,Chi-Chi earthquake,"NanTou, BH-14",0.0,7.6,0.428,0.4135822002969292,16.0,55.0,6.4640108573165,165.92512000065707,1.5,18.8,9.0,0.0,0.5259660073067759,0.5003591261497194,0.9627721258399536,0.9574405146923615,0.460093047575911,0.6421910983595106,0.640591615015233,0.6873660760990156,9.580202482301802,0.12639021973574158,0.3055987894184043,-0.6944012105815958,0.6944012105815958,0.9999904413373155
152.0,Chi-Chi earthquake,"WuFeng, BH-3",0.0,7.6,0.789,0.8212623697697617,16.0,5.0,16.05892721413021,247.73391500357343,1.3,11.0,0.0,1.3,0.6248739075838567,2.944597981304101,-0.12221965882942376,-0.5808900220551461,-0.557134258715187,1.3855212625190303,1.2479201535513136,0.9871054258605333,19.693244322383453,0.2714717642688547,0.3305542470489193,-0.6694457529510807,0.6694457529510807,0.9999672253608789
153.0,Chi-Chi earthquake,"WuFeng, BH-14",1.0,7.6,0.79,0.6813170288019774,21.0,18.0,10.778703317446816,198.98435791979117,3.5,7.0,,,-0.46311299546403256,2.1055582987176233,0.4748673126529313,0.3357954310458885,0.460093047575911,1.020343481504799,0.9786219170226863,0.8294600065769212,15.486067402728114,0.20401651995613088,0.29944432816375066,-0.7005556718362493,0.7005556718362493,0.9999931408614671
154.0,Chi-Chi earthquake,WuFeng -Fu Tin Bridge,1.0,7.6,0.79,0.5651973378304992,3.0,53.0,10.03047863463204,189.71013921878995,4.5,5.5,0.5,0.0,-0.9576524968494368,1.4093648564709302,0.5594764539681009,0.5101876077270924,0.460093047575911,0.633531274611257,0.6187446207389545,0.5386846651127725,10.03047863463204,0.1316067565864052,0.23285098456333073,-0.7671490154366692,0.7671490154366692,0.9999999261333006
155.0,Chi-Chi earthquake,"YuanLin, BH-02",0.0,7.6,0.19,0.1416456942110079,28.0,47.0,13.62386374629818,234.91514275990477,7.0,16.2,3.6,0.0,-2.194001250312948,-1.1300311260168834,0.15313697373466076,-0.33984614913972305,0.460093047575911,-0.8783685122709933,-1.0262634491333087,-0.8486483268707157,20.067672055765403,0.2779652415443816,1.9623981024816761,0.9623981024816761,-0.9623981024816761,0.007526337051845633
156.0,Chi-Chi earthquake,"YuanLin, BH-14",0.0,7.6,0.19,0.1964303063223503,15.0,45.0,16.46605502473132,251.9868778319351,1.6,12.8,0.5,0.0,0.47651205716823547,-0.8015710055252295,-0.1682576140742286,-0.6608626287936704,0.460093047575911,-0.29287717289617926,-0.44065867731201175,-0.32806683669496745,19.756148571830863,0.27255707631856096,1.3875510425121644,0.38755104251216443,-0.38755104251216443,0.11877341233377448
157.0,Chi-Chi earthquake,"YuanLin, BH-40",0.0,7.6,0.19,0.1893241002638528,10.0,55.0,14.555395965169508,225.18149448559137,1.2,12.2,0.0,1.2,0.6743278577223972,-0.8441761314585637,0.047799442166447895,-0.15681487024358243,-0.4788860043851025,-0.25461815518119496,-0.3160024489042041,-0.2063434603006999,15.739482292390031,0.2077933466655359,1.0975535939478562,0.09755359394785623,-0.09755359394785623,0.3685604694547674
158.0,Tohoku earthquake,"Chiba-ken, CH350",0.0,9.0,0.143,0.2944883066326166,0.0,33.0,16.366468259941012,264.1037674511702,0.32,19.75,2.9,0.0,1.109522618941553,-0.21366609288987223,-0.15699635679577856,-0.8887083183800257,0.460093047575911,0.10166052732793009,-0.11785306114734408,-0.03901489137950999,16.366468259941012,0.21729548928462042,0.7378747623949068,-0.2621252376050932,0.2621252376050932,0.8635008974888139
159.0,Tohoku earthquake,"Chiba-ken, CH344",0.0,9.0,0.196,0.3656098431980661,0.0,33.0,17.190179987393886,256.75822106634706,1.75,12.6,1.6,0.0,0.40233113196042486,0.2127417535755154,-0.2501415624428841,-0.7505828477326966,0.460093047575911,0.12416219914699723,-0.025970186439946516,-0.02221438951280523,17.190179987393886,0.23012048042430194,0.6294154402720391,-0.3705845597279609,0.3705845597279609,0.9524898475083494
160.0,Tohoku earthquake,"Gunma-ken, GU001",0.0,9.0,0.177,0.1969905978202299,4.0,55.0,9.513590420144675,178.43014859144245,11.7,12.25,2.0,0.0,-4.518336906824347,-0.798211788295947,0.6179261001615202,0.722296269584974,0.460093047575911,-1.054480203670794,-1.0231691528437579,-0.8919923809403565,9.513590420144675,0.12562834345829935,0.6377377643827729,-0.36226223561722715,0.36226223561722715,0.9476113476765433
161.0,Tohoku earthquake,"Gunma-ken, GU002",0.0,9.0,0.177,0.1930195018820316,8.0,37.0,11.592563804645094,207.7108651585342,8.5,9.25,2.95,1.25,-2.935810502391054,-0.8220204199550272,0.38283608386060586,0.17170240701310527,-0.5180101315501447,-0.8681209708772984,-0.9314610739315486,-0.7898620558652353,12.037518214824509,0.15626782354146282,0.8095960357258075,-0.19040396427419248,0.19040396427419248,0.7768740022609077
162.0,Tohoku earthquake,"Gunma-ken, GU003",0.0,9.0,0.201,0.2741855922835556,17.0,,14.974252356659893,245.54918395432608,9.0,16.25,1.2,0.0,-3.183080253083756,-0.3353906382393419,0.0004352206533961464,-0.5398083940038123,0.460093047575911,-0.7644066192496407,-0.9264797036468033,-0.8388727562918087,18.88596525906912,0.2577441661081501,0.9400354116404402,-0.059964588359559756,0.059964588359559756,0.5882293540640127
163.0,Tohoku earthquake,"Ibaraki-ken, IB014",0.0,9.0,0.201,0.3904415844644386,0.0,33.0,15.608237864661518,246.48669959126312,1.15,12.25,3.9,0.0,0.6990548327916675,0.36161999536709405,-0.07125577093015464,-0.5574374146112803,0.460093047575911,0.304167885573275,0.15831339246893728,0.16364398020732496,15.608237864661518,0.2058327341517726,0.5271793332006618,-0.4728206667993382,0.4728206667993382,0.9895191199709699
164.0,Tohoku earthquake,"Ibaraki-ken, IB021",1.0,9.0,0.356,0.4730832635504608,7.0,13.0,8.538158845330939,181.7330596428128,4.5,7.25,5.55,0.0,-0.9576524968494368,0.8570966415293391,0.7282277646912431,0.6601884127182066,0.460093047575911,0.43563597110448365,0.41522416551257274,0.4091412130260668,8.731232124872227,0.1168698820094037,0.24703871604398434,-0.7529612839560157,0.7529612839560157,0.999999769744609
165.0,Tohoku earthquake,"Ibaraki-ken, IB022",1.0,9.0,0.38,0.6178458179231237,7.3,33.0,12.748997244355133,223.88570577179627,3.61,11.25,4.7,0.0,-0.5175123406164269,1.725017837271092,0.2520667540465614,-0.1324488916524942,0.460093047575911,0.7713802372414701,0.6560255435317534,0.5471819997792059,13.037371499179105,0.1694122918204772,0.27419833056401227,-0.7258016694359877,0.7258016694359877,0.9999984639213015
166.0,Tohoku earthquake,"Ibaraki-ken, IB023",0.0,9.0,0.38,0.6947112388506518,45.3,25.0,15.789159282774488,246.49917229985635,2.4,11.75,5.1,0.0,0.08088045605991216,2.1858630353384974,-0.09171433930359407,-0.5576719511119614,0.460093047575911,0.9953048077020236,0.8555175241595133,0.6743555478761408,23.946991139329384,0.34995671760195113,0.5037441429347372,-0.49625585706526276,0.49625585706526276,0.9932942256309265
167.0,Tohoku earthquake,"Ibaraki-ken, IB025",1.0,9.0,0.84,0.9766426795638852,8.0,13.0,9.055187668524956,187.62522059059708,7.1,8.75,2.1,0.3,-2.243455200451488,3.8761777317143795,0.6697622184851609,0.5493923655073344,0.22534828458565764,1.5077850189560043,1.4716740630626564,1.1630694970375173,9.468101572152886,0.12510952115644428,0.12810163202401856,-0.8718983679759814,0.8718983679759814,0.9999999999999369
168.0,Tohoku earthquake,"Ibaraki-ken, IB027",0.0,9.0,0.77,1.221579510552395,0.0,33.0,12.613172812687171,220.803474529881,4.5,11.25,4.3,0.0,-0.9576524968494368,5.344691935225064,0.2674257615706315,-0.07449069240770098,0.460093047575911,2.3168132523313765,2.2142383161378767,1.7407033441702664,12.613172812687171,0.16376583833381386,0.13406072786842946,-0.8659392721315705,0.8659392721315705,0.9999999999997858
169.0,Tohoku earthquake,"Ibaraki-ken, IB028",1.0,9.0,0.77,0.9470585372609074,6.45,27.0,8.677993398684468,180.2924909917344,4.8,6.75,0.3,1.8,-1.1060143472650579,3.6988065581131244,0.7124152931740997,0.6872768296317677,-0.9483755303656094,1.6095658931318437,1.6020243540691441,1.305899073929475,8.793751278677227,0.11755692255672623,0.12412846506481594,-0.8758715349351841,0.8758715349351841,0.9999999999999734
170.0,Tohoku earthquake,"Kanagawa-ken, KA001",0.0,9.0,0.092,0.1818971263866627,0.0,73.0,12.319002539824847,219.45859849108265,0.33,8.75,1.0,0.0,1.1045772239276987,-0.8887044148683713,0.30069049442293144,-0.04920167698399563,0.460093047575911,-0.06578974119955235,-0.17075739262163042,-0.016828684551807485,12.319002539824847,0.1599105540725125,0.8791263350284443,-0.12087366497155572,0.12087366497155572,0.6788770088793242
171.0,Tohoku earthquake,"Kanagawa-ken, KA002",0.0,9.0,0.093,0.1714400076976791,10.0,18.0,11.532960105468742,198.81627823410477,0.55,4.75,0.6,0.0,0.9957785336229098,-0.9513998750022938,0.38957606173402654,0.3389559972550483,0.460093047575911,-0.08909676612744676,-0.10428278547114021,0.034876814650389706,12.651692977302037,0.16427433054405002,0.9582030049469832,-0.04179699505301682,0.04179699505301682,0.5611810728528543
172.0,Tohoku earthquake,"Kanagawa-ken, KA003",0.0,9.0,0.074,0.1490614103605002,0.0,33.0,16.642057372583984,254.1571559152247,0.5,12.75,2.6,0.0,1.0205055086921802,-1.0855703381035955,-0.18815993467831102,-0.7016724836343298,0.460093047575911,-0.31784887843287973,-0.47190264311968527,-0.330810347881555,16.642057372583984,0.2215431856659583,1.4862544580127297,0.4862544580127297,-0.4862544580127297,0.07650971801625978
173.0,Tohoku earthquake,"Kanagawa-ken, KA005",0.0,9.0,0.182,0.2140678523035262,4.0,10.0,8.24411514339339,158.96212012707187,1.0,1.9,0.0,1.0,0.7732357579994781,-0.6958254274351601,0.7614781849212696,1.0883725903026098,-0.3223894957249336,0.05384968994420774,0.15191801155860982,0.2649589322561188,8.24411514339339,0.11159331294637924,0.5212987926283831,-0.4787012073716169,0.4787012073716169,0.9905911685434445
176.0,Tohoku earthquake,"Kanagawa-ken, KA011",0.0,9.0,0.148,0.1732891320277298,3.0,69.0,12.087551651717204,200.6573430507817,9.38,11.75,4.8,4.580000000000001,-3.37100526361021,-0.9403134845571426,0.3268629281172484,0.30433666045239044,-3.123677000741958,-1.1554670923746797,-1.162224972674137,-1.0332547046402119,12.087551651717204,0.1569120050402172,0.905492474941291,-0.09450752505870896,0.09450752505870896,0.6398281702113011
177.0,Tohoku earthquake,"Saitama-ken, SA001",0.0,9.0,0.259,0.3862163342562881,3.3,33.0,10.555633131994773,199.60605443794975,3.4,7.75,2.5,0.8999999999999999,-0.4136590453254921,0.3362875865210493,0.5000920576761922,0.3241050652552805,-0.24414124139484905,0.20641816010248895,0.15362206237621548,0.18760120873382094,10.555633131994773,0.13783713129097325,0.3568909936354642,-0.6431090063645357,0.6431090063645357,0.9998985774318001
178.0,Tohoku earthquake,"Saitama-ken, SA003",0.0,9.0,0.167,0.2214060098028418,9.55,41.0,13.501665753061507,232.9077783339377,8.52,15.25,0.4,4.1,-2.9457012924187618,-0.6518296409629781,0.16695510552803713,-0.3020997186399743,-2.7480853799575513,-0.9697813342565591,-1.1104977815069625,-0.9817138244410597,14.488890059255702,0.1895111630756757,0.8559440786834652,-0.14405592131653477,0.14405592131653477,0.712576855989463
179.0,Tohoku earthquake,"Tochiki-ken, TC002",0.0,9.0,0.367,0.4376937920158726,5.9,47.0,10.40942591388174,194.28335937910347,5.96,7.25,0.0,5.96,-1.679680168872127,0.6449197247563863,0.5166251492230874,0.42419289012211064,-4.203502910497122,-0.10090975839198155,-0.1286394361222746,-0.13222566776550673,10.479277691637437,0.1369214678877454,0.3128247884374381,-0.6871752115625619,0.6871752115625619,0.9999860942092604
180.0,Tohoku earthquake,"Tokyo, TO001",0.0,9.0,0.118,0.2239233534175168,11.0,16.0,18.9455853043135,285.735602701035,2.15,24.75,6.6,0.0,0.2045153314062632,-0.6367369542553569,-0.4486425474223099,-1.2954728078163014,0.460093047575911,-0.3572166749815554,-0.6112657530997528,-0.507773286377049,20.65626866459945,0.2883348743740469,1.2876498586390472,0.28764985863904724,-0.28764985863904724,0.18096657021905888
182.0,Hokkaido-Nansei-Oki earthquake,"Pension House, BH1",1.0,8.3,0.19,0.207352965019138,3.0,70.0,2.617691116164932,109.43486439275551,1.0,2.0,1.0,0.0,0.7732357579994781,-0.7360844089541949,1.3977134182043764,2.019681869392785,0.460093047575911,0.2657278454106164,0.452318380767139,0.6035013183641554,2.617691116164932,0.06047434700695773,0.2916492995476392,-0.7083507004523608,0.7083507004523608,0.9999955733761318
183.0,Hokkaido-Nansei-Oki earthquake,"Pension House, BH2",1.0,8.3,0.19,0.2684424062060242,5.0,58.0,6.106187567074815,162.39158777600895,0.7,6.1,3.7,0.0,0.9215976084150993,-0.3698238032893759,1.0032347328953963,1.0238849663379797,0.460093047575911,0.34187388245021516,0.34806895248299013,0.48330978275720915,6.106187567074815,0.09003823679712228,0.33540988575411484,-0.6645901142458852,0.6645901142458852,0.9999591405287165
184.0,Alaska earthquake,"Matanuska river, MP 147.4, B.H.17",1.0,9.2,0.21,0.5308796967540478,6.0,56.0,15.536354833643324,247.03859080087997,0.0,6.68,,,1.2677752593848823,1.2036140792261856,-0.0631272479486605,-0.5678151631245772,0.460093047575911,0.7992478655229575,0.6478414909701824,0.5716361497702894,15.638993425317143,0.20629129719991154,0.3885838890830376,-0.6114161109169625,0.6114161109169625,0.9996735680872058
185.0,Alaska earthquake,"Matanuska river, MP 147.5, B.H.18",1.0,9.2,0.21,0.5317633813016323,10.0,29.0,6.822774793693826,181.25551722761185,0.0,13.2,,,1.2677752593848823,1.2089121934555298,0.9222031506525231,0.6691681083593611,0.460093047575911,1.0972311365065173,1.0213206238185688,1.0179532237675843,7.83966038077808,0.10731518974528073,0.20181004092947932,-0.7981899590705207,0.7981899590705207,0.9999999960667101
186.0,Alaska earthquake,"Twenty-Mile river, MP 64.7, B.H.20",1.0,9.2,0.31,0.7525189641184953,2.0,31.0,28.712901912647435,278.0995091267186,0.0,3.05,,,1.2677752593848823,2.532448174396061,-1.5531293281519232,-1.1518838950788186,0.460093047575911,0.9502225842884225,1.0705962142103538,0.621913920648245,28.712901912647435,0.4501734628689624,0.5982220838730596,-0.40177791612694036,0.40177791612694036,0.9680434614503378
187.0,Alaska earthquake,"Twenty-Mile river, MP 64.7, B.H.24",1.0,9.2,0.31,0.3985400099994943,20.0,31.0,9.33906624781355,183.93185862635664,4.42,5.7,,,-0.9180893367386044,0.4101739546728743,0.6376612688866778,0.6188422515819341,0.460093047575911,0.21526344529987146,0.20961774010844836,0.23424837326030307,13.69565502590468,0.17837821248384778,0.44757918404246066,-0.5524208159575393,0.5524208159575393,0.9981278915992393
188.0,Alaska earthquake,"Portage Creek, MP 63.0, B.H.25",0.0,9.2,0.31,0.6502315421855366,10.0,39.0,7.406406424365184,192.7077102733525,2.74,19.82,,,-0.08726297441112543,1.9191858432765465,0.8562061683961919,0.4538213565295334,0.460093047575911,1.126047537489874,1.0053320939298764,0.9392726076285068,8.435911747817121,0.1136547169248228,0.17479114677028795,-0.825208853229712,0.825208853229712,0.9999999998408722
189.0,Alaska earthquake,"Portage Creek, MP 63.5, B.H.28",1.0,9.2,0.31,0.4303282444408217,7.0,49.0,8.203284861920373,171.7146738248261,3.05,4.57,,,-0.24057021984060056,0.6007597215958026,0.766095267375824,0.8485738892696912,0.460093047575911,0.47506106334153375,0.499804649909694,0.5080903422983094,8.393504928331216,0.1131971241196729,0.2630483255096672,-0.7369516744903328,0.7369516744903328,0.999999266351097
190.0,"Friuli, Italy earthquake",Avasinis village,1.0,6.4,0.2,0.1184193317061735,15.0,35.0,10.988918296837278,201.18354800478116,2.7,7.0,0.07,0.0,-0.06748139435570924,-1.2692843493748576,0.451096232513069,0.2944419156477965,0.460093047575911,-0.42634071395711154,-0.47333700901669323,-0.2856335191413733,14.01559032123524,0.18282519840101882,1.5438796670010906,0.5438796670010906,-0.5438796670010906,0.05866020578534581
191.0,Armenia earthquake,Pambak Valley,1.0,6.8,0.2,0.1875822014278809,19.0,47.0,7.401849884995225,153.23946570882248,0.2,1.9,0.4,0.0,1.1688673591078014,-0.8546196534531121,0.8567214212237393,1.1959812409682535,0.460093047575911,0.12921570651357717,0.23099365243693143,0.36820177793016523,11.374703101958435,0.1478690619585593,0.788289405034038,-0.211710594965962,0.211710594965962,0.8045132489653049
192.0,Tangshan earthquake,"Baihe dam, Miyun reservoir",1.0,7.8,0.15,0.1478397803758374,5.0,52.0,3.8439204557600193,130.79962669546242,1.3,2.8,,,0.6248739075838567,-1.0928945979001794,1.259051577902202,1.6179394129804345,0.460093047575911,0.03389233821114675,0.14155868873461647,0.3408645228070315,3.8439204557600193,0.0700736597179102,0.47398379204683183,-0.5260162079531682,0.5260162079531682,0.996451351057525
193.0,Izmit-Kocaeli earthquake,"Hotel Sapanca, SH-4",1.0,7.4,0.3,0.3049108504672047,5.0,51.0,22.33758182114105,266.3806111841463,0.5,1.6,,,1.0205055086921802,-0.15117792565085336,-0.8322090338327437,-0.9315220310342024,0.460093047575911,-0.09058702257547553,-0.12038092173591315,-0.17855273283395628,22.33758182114105,0.31904590885608913,1.0463580038795792,0.046358003879579224,-0.046358003879579224,0.4350969827157124
194.0,Izmit-Kocaeli earthquake,"Hotel Sapanca, SH-7",1.0,7.4,0.4,0.256749149142612,1.0,56.0,21.30092887392996,245.6882808196825,1.25,1.3,,,0.649600882653127,-0.4399305080002246,-0.7149844651705481,-0.5424239679837981,0.460093047575911,-0.2595392392418445,-0.2077710900858195,-0.2525325355215269,21.30092887392996,0.2999193626257519,1.168141602912035,0.16814160291203506,-0.16814160291203506,0.28759048757836675
195.0,Izmit-Kocaeli earthquake,"Sapanca Lake, B.H. JS4",1.0,7.4,0.4,0.4240419156735317,5.0,39.0,20.305746751427804,237.6546964162821,0.75,2.77,0.85,0.0,0.8968706333458291,0.5630701546758476,-0.6024494115014362,-0.3913606476299317,0.460093047575911,0.275025525201662,0.3383521543631133,0.20069132135823448,20.305746751427804,0.28213569249746867,0.6653485942523755,-0.33465140574762453,0.33465140574762453,0.9291217424520173
196.0,Izmit-Kocaeli earthquake,"Sapanca Lake, B.H. JS5",1.0,7.4,0.4,0.4057139835999888,5.0,39.0,29.643700877335768,270.1863843504763,0.75,2.25,1.2,0.0,0.8968706333458291,0.45318537964077166,-1.6583839434408234,-1.0030856945436213,0.460093047575911,-0.09120298314593837,0.10538649152322228,-0.17130026567465756,29.643700877335768,0.4712611396640499,1.1615600120125191,0.16156001201251913,-0.16156001201251913,0.29457693827722065
197.0,Izmit-Kocaeli earthquake,"Sapanca Lake, B.H. JS7",1.0,7.4,0.4,0.5167251653910077,2.0,39.0,19.704438955700617,246.71823535183617,0.3,4.15,1.1,0.0,1.1194134089692611,1.1187508503407062,-0.53445361100044,-0.5617912072667752,0.460093047575911,0.5899891335258336,0.5817878546459331,0.4192011681384519,19.704438955700617,0.27166474434111815,0.5257432045825532,-0.4742567954174468,0.4742567954174468,0.9897891778796575
198.0,Izmit-Kocaeli earthquake,"Sapanca Lake, B.H. JS9",1.0,7.4,0.4,0.4761406808066885,8.0,22.0,9.626297614265605,196.22425749730215,0.75,7.57,1.0,0.0,0.8968706333458291,0.8754273296855829,0.6051811865899177,0.3876962904125763,0.460093047575911,0.777875433383449,0.7126299645302466,0.7073538398384143,10.04642316133009,0.13179360093624523,0.27679550655692237,-0.7232044934430777,0.7232044934430777,0.9999981887239524
199.0,Izmit-Kocaeli earthquake,"Sapanca Lake, B.H. JS12",0.0,7.4,0.4,0.4482268158070031,2.0,39.0,41.06789655932025,315.2265102395927,0.6,2.77,0.6,0.0,0.9710515585536397,0.7080702725150313,-2.950230375495051,-1.850019096162723,0.460093047575911,-0.34922252592722774,-0.01915914212752924,-0.4950103348617704,41.06789655932025,0.49107142857142855,1.0955869021073328,0.09558690210733278,-0.09558690210733278,0.3710019240296444
200.0,Izmit-Kocaeli earthquake,"Sapanca Lake, B.H. JS13",1.0,7.4,0.4,0.5670185265986163,5.0,39.0,18.761155004827845,251.069586892576,0.0,5.7,0.8,0.0,1.2677752593848823,1.4202837597753482,-0.4277871952394901,-0.6436139128940221,0.460093047575911,0.7873512375828318,0.7226032222864721,0.5593787985504414,18.761155004827845,0.2556550342939314,0.4508759807682715,-0.5491240192317285,0.5491240192317285,0.9979636776028504
201.0,Izmit-Kocaeli earthquake,"Sapanca Lake, B.H. S1/8",1.0,7.4,0.5,0.4847134306641957,5.0,33.0,30.57381394507418,256.7733282217531,0.5,1.15,0.6,0.0,1.0205055086921802,0.9268250916231664,-1.7635609975996291,-0.7508669223054082,0.460093047575911,0.11510874606776776,0.41891696865603406,0.048608952204332354,30.57381394507418,0.49107142857142855,1.0131170244210492,0.013117024421049228,-0.013117024421049228,0.4812591399647623
202.0,Izmit-Kocaeli earthquake,"Sapanca Lake, B.H. S2/3",1.0,7.4,0.4,0.4929905303012959,2.0,39.0,11.683583443080996,216.4935980451371,0.4,9.2,4.0,0.0,1.0699594588307206,0.9764502881764974,0.37254359601870807,0.0065521173031029365,0.460093047575911,0.788162252629976,0.6783648090152944,0.654573287671076,11.683583443080996,0.15175175726026993,0.3078188077315103,-0.6921811922684897,0.6921811922684897,0.9999892567691053
203.0,Izmit-Kocaeli earthquake,"Sapanca Lake, B.H. S4/3",1.0,7.4,0.4,0.3771895450072733,14.0,22.0,17.893625214523748,228.1079505968618,1.3,3.2,1.3,0.0,0.6248739075838567,0.2821676398769384,-0.329687049242129,-0.21184387782471323,0.460093047575911,0.17604875706755047,0.21140170849277523,0.1384319224391269,20.856760240249233,0.2919122472141313,0.7739139408238432,-0.22608605917615676,0.22608605917615676,0.8223146184463859
204.0,Nihonkai-Chubu earthquake,"Noshiro-N2, B.H.78",0.0,7.7,0.25,0.1734325533791014,2.5,22.0,28.43859353767812,266.2189924485352,2.9,3.0,,,-0.16638929463278995,-0.9394536045189879,-1.5221105759043998,-0.9284829563687922,0.460093047575911,-0.8896605013526269,-0.7115722154919446,-0.8292006745840466,28.43859353767812,0.44405332988468665,2.5603805123830634,1.5603805123830634,-1.5603805123830634,0.000349095103669983
205.0,Nihonkai-Chubu earthquake,"Noshiro-N2, B.H.84",0.0,7.7,0.25,0.1985366728390395,2.5,22.0,23.554982665557333,255.53909244896937,2.9,4.0,,,-0.16638929463278995,-0.7889423243461932,-0.9698725491486672,-0.7276583836788254,0.460093047575911,-0.6562590172481495,-0.583594767607197,-0.6259092066344285,23.554982665557333,0.342291330838518,1.7240710541977569,0.7240710541977569,-0.7240710541977569,0.02475365098004817
210.0,"Friuli, Italy earthquake",Avasinis Site 1,1.0,6.4,0.47,0.3911788222339354,13.0,21.0,14.595746383792775,200.0613815656496,0.2,2.5,1.2,0.0,1.1688673591078014,0.36604009066881443,0.04323662253507862,0.31554310532511337,0.460093047575911,0.4344671517618459,0.5161590965988563,0.4566481015064793,17.022341572586075,0.2274758255113752,0.5815136520231624,-0.4184863479768376,0.4184863479768376,0.9747047887201354
225.0,Wenchuan earthquake,"Yongfeng Village, Mianzhu",1.0,7.9,0.34,0.3412783601327145,3.8,57.2,13.597818029831618,219.6267596122971,2.8,6.6,4.0,0.0,-0.11693534449424949,0.066862800501183,0.15608221966918942,-0.05236377450478968,0.460093047575911,0.07653050960623482,0.0139967113540411,0.04376325268823965,13.597818029831618,0.17702999147771808,0.5187260962250159,-0.48127390377498414,0.48127390377498414,0.9910326674513326
232.0,Wenchuan earthquake,"Shenghua Village, Deyang",0.0,7.9,0.18,0.1846228528731472,5.0,54.9,14.837949656202504,231.4484729591376,2.0,4.8,0.6,1.4,0.2786962566140738,-0.8723623725379733,0.015848310744535642,-0.2746589768418006,-0.6353825130452714,-0.3638384487481761,-0.450990635024077,-0.3331188379371925,14.837949656202504,0.19452409169335427,1.0536295407969356,0.053629540796935604,-0.053629540796935604,0.4252872186204987
233.0,Wenchuan earthquake,"Lingfeng machinery company, Mianyang",0.0,7.9,0.2,0.1750197226325469,5.0,30.0,16.6089527815573,233.3964707206308,4.1,6.6,3.5,0.6,-0.759836696295275,-0.9299377608516486,-0.18441647220682358,-0.3112890780664174,-0.009396478404595718,-0.6262340972245738,-0.6642958789824519,-0.5770564895320099,16.6089527815573,0.2210306461039588,1.2628899347990148,0.2628899347990148,-0.2628899347990148,0.19998588834079212
234.0,Wenchuan earthquake,"Tianqi Village, Mianzhu",0.0,7.9,0.43,0.3800322778596715,5.0,90.0,18.2101370370761,242.9113020338945,4.0,6.6,4.0,0.0,-0.7103827461567347,0.29921119169266747,-0.3654781613737283,-0.4902057282954442,0.460093047575911,-0.09407030900296952,-0.1314885790794843,-0.18548475769395228,18.2101370370761,0.24653823860653473,0.6487297342084454,-0.3512702657915546,0.3512702657915546,0.9406787661919364
